county,office,district,candidate,party,county_votes,precinct_votes,diff
Brown,Constitutional Amendment E,,No,,9728,9676,52
Brown,Constitutional Amendment E,,Yes,,7061,7054,7
Brown,Constitutional Amendment F,,No,,7105,7116,-11
Brown,Constitutional Amendment F,,Yes,,9646,9465,181
Brown,Constitutional Amendment G,,No,,9990,10154,-164
Brown,Constitutional Amendment G,,Yes,,6990,7081,-91
Brown,Constitutional Amendment H,,Yes,,5616,5615,1
Brown,Initiated Measure 28,,No,,11909,11879,30
Brown,Initiated Measure 28,,Yes,,4847,4837,10
Brown,State House,1,Christopher K. Reder,REP,0,2216,-2216
Brown,State House,1,Christopher Reder,REP,2219,0,2219
Brown,State House,1,Josh Dennert,LIB,668,648,20
Brown,State House,1,Logan Manhart,REP,2427,2413,14
Brown,State House,1,Mark D. Smith,DEM,0,1509,-1509
Brown,State House,1,Mark Sumption,DEM,1563,0,1563
Brown,State House,1,Steven D. McCleerey,DEM,983,999,-16
Brown,State House,1,Tamara Lesnar,LIB,148,239,-91
Brown,State House,23,Spencer Gosch,REP,655,652,3
Brown,State House,3,Al Novstrup,REP,5738,5740,-2
Brown,State House,3,Brandei Schaefbauer,REP,6049,0,6049
Brown,State House,3,Brandell M. Schaefbauer,REP,0,6036,-6036
Brown,State House,3,Erin R Rudner,DEM,4515,0,4515
Brown,State House,3,Erin R. Budner,DEM,0,4518,-4518
Brown,Supreme Court Retention,5,Do Not Retain Justice Scott P. Myren,,0,2380,-2380
Brown,Supreme Court Retention,5,No,,2380,0,2380
Brown,Supreme Court Retention,5,Retain Justice Scott P. Myren,,0,12441,-12441
Brown,Supreme Court Retention,5,Yes,,12367,0,12367
Brown,U.S. House,1,Dusty Johnson,REP,11974,11874,100
Brule,Constitutional Amendment H,,No,,1720,0,1720
Brule,Constitutional Amendment H,,Yes,,662,0,662
Brule,Constitutional Amendment I,,No,,0,1720,-1720
Brule,Constitutional Amendment I,,Yes,,0,662,-662
Brule,President,,Chase Oliver and Mike ter Maat,LIB,17,34,-17
Brule,President,,Donald J. Trump and JD Vance,REP,1694,3388,-1694
Brule,President,,Kamala D. Harris and Tim Walz,DEM,666,1332,-666
Brule,President,,"Robert F. Kennedy, Jr. and Nicole Shanahan",IND,46,92,-46
Brule,State House,21,David Reis,IND,0,1782,-1782
Brule,State House,21,Rebecca Reimer,REP,0,2904,-2904
Brule,State House,26B,David Reis,IND,891,0,891
Brule,State House,26B,Rebecca Reimer,REP,1452,0,1452
Brule,State Senate,26,Tamara Grove,REP,1644,0,1644
Brule,State Senate,26,Tamara St. John,REP,0,1644,-1644
Brule,Supreme Court Retention,5,No,,439,878,-439
Brule,Supreme Court Retention,5,Yes,,1646,3292,-1646
Brule,U.S. House,1,Dusty Johnson,REP,1881,3763,-1882
Brule,U.S. House,1,Sheryl Johnson,DEM,526,1052,-526
Butte,Constitutional Amendment E,,No,,3525,63,3462
Butte,Constitutional Amendment E,,Yes,,1487,10,1477
Butte,Constitutional Amendment F,,No,,1953,25,1928
Butte,Constitutional Amendment F,,Yes,,3050,37,3013
Butte,Constitutional Amendment G,,No,,3378,95,3283
Butte,Constitutional Amendment G,,Yes,,1654,14,1640
Butte,Constitutional Amendment H,,No,,3402,125,3277
Butte,Constitutional Amendment H,,Yes,,1467,10,1457
Butte,Initiated Measure 28,,No,,3502,120,3382
Butte,Initiated Measure 28,,Yes,,1468,16,1452
Butte,Initiated Measure 29,,No,,3243,119,3124
Butte,Initiated Measure 29,,Yes,,1802,21,1781
Butte,President,,Chase Oliver and Mike ter Maat,LIB,37,30,7
Butte,President,,Donald J. Trump and JD Vance,REP,4024,3258,766
Butte,President,,Kamala D. Harris and Tim Walz,DEM,942,784,158
Butte,President,,"Robert F. Kennedy, Jr. and Nicole Shanahan",IND,79,74,5
Butte,Public Utilities Commissioner,,A. Gideon Oakes,LIB,326,394,-68
Butte,Public Utilities Commissioner,,Forrest Wilson,DEM,735,750,-15
Butte,Public Utilities Commissioner,,Kristie Fiegen,REP,3719,3557,162
Butte,Referred Law 21,,No,,3058,40,3018
Butte,Referred Law 21,,Yes,,1823,2,1821
Butte,State House,28B,Travis Ismay,REP,3646,3053,593
Butte,State Senate,28,Dean Schrempp,DEM,745,703,42
Butte,State Senate,28,Sam Marty,REP,3720,3597,123
Butte,State Senate,28,Shane C. Farlee,IND,370,309,61
Butte,Supreme Court Retention,5,No,,764,0,764
Butte,Supreme Court Retention,5,Yes,,3413,0,3413
Butte,Supreme Court Retention,Fifth,Scott P. Myren (No),,0,709,-709
Butte,Supreme Court Retention,Fifth,Scott P. Myren (Yes),,0,3318,-3318
Butte,U.S. House,1,Dusty Johnson,REP,4066,3525,541
Butte,U.S. House,1,Sheryl Johnson,DEM,838,808,30
Campbell,President,,Chase Oliver and Mike ter Maat,LIB,5,0,5
Campbell,President,,Chase Oliver and Miket ter Maat,LIB,0,5,-5
Campbell,Public Utilities Commissioner,,A. Gideon Oakes,LIB,26,23,3
Charles Mix,Constitutional Amendment E,,No,,2445,1984,461
Charles Mix,Constitutional Amendment E,,Yes,,1142,1020,122
Charles Mix,Constitutional Amendment F,,No,,2082,1884,198
Charles Mix,Constitutional Amendment F,,Yes,,1504,1203,301
Charles Mix,Constitutional Amendment G,,No,,2621,2487,134
Charles Mix,Constitutional Amendment G,,Yes,,992,908,84
Charles Mix,Constitutional Amendment H,,No,,2714,2584,130
Charles Mix,Constitutional Amendment H,,Yes,,822,765,57
Charles Mix,Initiated Measure 28,,No,,2842,1924,918
Charles Mix,Initiated Measure 28,,Yes,,746,750,-4
Charles Mix,Initiated Measure 29,,Yes,,1148,1151,-3
Charles Mix,President,,Chase Oliver and Mike ter Maat,LIB,13,8,5
Charles Mix,President,,Donald J. Trump and J.D Vance,REP,0,3254,-3254
Charles Mix,President,,Donald J. Trump and JD Vance,REP,2551,0,2551
Charles Mix,President,,Kamala D. Harris and Tim Walz,DEM,1000,825,175
Charles Mix,President,,Robert F. Kennedy Jr. and Nicole Shanahan,IND,0,54,-54
Charles Mix,President,,"Robert F. Kennedy, Jr. and Nicole Shanahan",IND,51,0,51
Charles Mix,Public Utilities Commissioner,,Forrest Wilson,DEM,846,809,37
Charles Mix,State House,21,Jim Halverson,REP,1624,1625,-1
Charles Mix,State House,21,Marty Overweg,REP,2495,2295,200
Charles Mix,U.S. House,1,Sheryl Johnson,DEM,866,876,-10
Clark,Constitutional Amendment E,,No,,1220,1292,-72
Clark,Constitutional Amendment E,,Yes,,576,781,-205
Clark,Constitutional Amendment F,,No,,836,759,77
Clark,Constitutional Amendment F,,Yes,,973,785,188
Clark,Constitutional Amendment G,,No,,1329,1228,101
Clark,Constitutional Amendment G,,Yes,,486,500,-14
Clark,Constitutional Amendment H,,No,,1329,1244,85
Clark,Constitutional Amendment H,,Yes,,445,465,-20
Clark,Initiated Measure 28,,No,,1403,1427,-24
Clark,Initiated Measure 28,,Yes,,397,417,-20
Clark,Initiated Measure 29,,No,,1262,1245,17
Clark,Initiated Measure 29,,Yes,,567,579,-12
Clark,President,,Chase Oliver and Mike ter Maat,LIB,11,14,-3
Clark,President,,Donald J. Trump and JD Vance,REP,1382,1416,-34
Clark,President,,Kamala D. Harris and Tim Walz,DEM,415,551,-136
Clark,President,,"Robert F. Kennedy, Jr. and Nicole Shanahan",IND,34,38,-4
Clark,Public Utilities Commissioner,,Forrest Wilson,DEM,313,283,30
Clark,Referred Law 21,,No,,1119,1179,-60
Clark,Referred Law 21,,Yes,,670,623,47
Clark,State House,4,Dylan C. Jordan,REP,824,0,824
Clark,State House,4,Dylan C. Jordon,REP,0,804,-804
Clark,State House,4,Kent Roe,REP,937,931,6
Clark,Supreme Court Retention,5,No,,265,0,265
Clark,Supreme Court Retention,5,Scott P. Myren,NO,0,265,-265
Clark,Supreme Court Retention,5,Scott P. Myren,YES,0,1255,-1255
Clark,Supreme Court Retention,5,Yes,,1225,0,1225
Clark,U.S. House,1,Sheryl Johnson,DEM,304,284,20
Clay,Constitutional Amendment E,,No,,2586,2407,179
Clay,Constitutional Amendment E,,Yes,,3042,2971,71
Clay,Constitutional Amendment F,,No,,2868,3082,-214
Clay,Constitutional Amendment F,,Yes,,2709,2802,-93
Clay,Constitutional Amendment G,,No,,2453,2493,-40
Clay,Constitutional Amendment G,,Yes,,3301,3000,301
Clay,Constitutional Amendment H,,No,,3094,2975,119
Clay,Constitutional Amendment H,,Yes,,2351,2252,99
Clay,County Commissioner At Large,,Deena Walraven,REP,0,1962,-1962
Clay,County Commissioner At Large,,Glen Gilbertson,REP,0,2325,-2325
Clay,County Commissioner At Large,,Kevin Brady,DEM,0,2365,-2365
Clay,County Commissioner At Large,,Kevin O'Kelley,DEM,0,2218,-2218
Clay,County Commissioner At Large,,Pat Flanigan,DEM,0,2304,-2304
Clay,County Commissioner At Large,,Travis Mockler,REP,0,2739,-2739
Clay,Initiated Measure 28,,No,,3625,3726,-101
Clay,Initiated Measure 28,,Yes,,1949,2070,-121
Clay,Initiated Measure 29,,No,,2361,2237,124
Clay,Initiated Measure 29,,Yes,,2306,3306,-1000
Clay,President,,Chase Oliver and Mike Ter Maat,LIB,0,42,-42
Clay,President,,Chase Oliver and Mike ter Maat,LIB,42,0,42
Clay,Public Utilities Commissioner,,A. Gideon Oakes,LIB,241,231,10
Clay,Referred Law 21,,No,,2852,2715,137
Clay,Referred Law 21,,Yes,,2520,2658,-138
Clay,State House,17,Chris Kassin,REP,2784,2165,619
Clay,State House,17,Ray Ring,DEM,2716,2731,-15
Clay,State House,17,William (Bill) Shorma,REP,1837,2085,-248
Clay,Supreme Court Retention,5,Yes,,3650,4150,-500
Clay,U.S. House,1,Dusty Johnson,REP,3209,3239,-30
Codington,Constitutional Amendment E,,No,,8110,8818,-708
Codington,Constitutional Amendment E,,Yes,,5064,5840,-776
Codington,Constitutional Amendment F,,No,,5214,6007,-793
Codington,Constitutional Amendment F,,Yes,,7873,7489,384
Codington,Constitutional Amendment G,,No,,8451,8827,-376
Codington,Constitutional Amendment G,,Yes,,4927,5546,-619
Codington,Constitutional Amendment H,,No,,8086,8512,-426
Codington,Constitutional Amendment H,,Yes,,4591,5238,-647
Codington,Initiated Measure 28,,No,,9315,0,9315
Codington,Initiated Measure 28,,Yes,,3763,0,3763
Codington,Initiated Measure 29,,No,,7767,0,7767
Codington,Initiated Measure 29,,Yes,,5635,0,5635
Codington,President,,Chase Oliver and Mike Ter Maat,LIB,0,92,-92
Codington,President,,Chase Oliver and Mike ter Maat,LIB,88,0,88
Codington,President,,Donald J. Trump and JD Vance,REP,9349,9037,312
Codington,President,,Kamala D. Harris and Tim Walz,DEM,3840,3500,340
Codington,President,,"Robert F. Kennedy, Jr. and Nicole Shanahan",IND,233,226,7
Codington,Public Utilities Commissioner,,A. Gideon Oakes,LIB,511,719,-208
Codington,Public Utilities Commissioner,,Forrest Wilson,DEM,2672,2120,552
Codington,Public Utilities Commissioner,,Kristie Fiegen,REP,9220,10116,-896
Codington,Referred Law 21,,No,,7073,0,7073
Codington,Referred Law 21,,Yes,,5455,0,5455
Codington,State House,4,Dylan C. Jordan,REP,870,814,56
Codington,State House,4,Kent Roe,REP,1083,1021,62
Codington,State House,5,Amy D. Rambow,DEM,1953,2017,-64
Codington,State House,5,Diane M Drake,DEM,2308,0,2308
Codington,State House,5,Diane M. Drake,DEM,0,2380,-2380
Codington,State House,5,Josephine Garcia,REP,5892,6045,-153
Codington,State House,5,Matt Roby,REP,8314,8498,-184
Codington,State Senate,4,Stephanie Sauder,REP,1346,1263,83
Codington,State Senate,5,Dennis Solberg,DEM,3203,3139,64
Codington,State Senate,5,Glen A Vilhauer,REP,7889,0,7889
Codington,State Senate,5,Glen A Vlhauer,REP,0,8079,-8079
Codington,Supreme Court Retention,5,No,,1950,1858,92
Codington,Supreme Court Retention,5,Yes,,8689,7801,888
Codington,U.S. House,1,Dusty Johnson,REP,10406,10990,-584
Codington,U.S. House,1,Sheryl Johnson,DEM,2880,3121,-241
Corson,Constitutional Amendment F,,No,,490,557,-67
Corson,Constitutional Amendment G,,Yes,,396,341,55
Corson,County Commissioner,2,Darren Bauer,IND,0,72,-72
Corson,County Commissioner,2,Joshua Schmeichel,IND,0,127,-127
Corson,Initiated Measure 28,,No,,708,608,100
Corson,Initiated Measure 29,,No,,616,608,8
Corson,Initiated Measure 29,,Yes,,512,495,17
Corson,Referred Law 21,,No,,686,688,-2
Corson,State House,28A,Dana Hunt,REP,0,643,-643
Corson,State House,28A,Jana Hunt,REP,643,0,643
Corson,State Senate,28,Dean Schrempp,DEM,439,389,50
Corson,Supreme Court Retention,5,Scott P. Myren,,0,655,-655
Corson,Supreme Court Retention,5,Yes,,655,0,655
Custer,Constitutional Amendment E,,No,,3767,0,3767
Custer,Constitutional Amendment E,,Yes,,2162,0,2162
Custer,Constitutional Amendment F,,No,,2202,0,2202
Custer,Constitutional Amendment F,,Yes,,3686,0,3686
Custer,Constitutional Amendment G,,No,,3658,0,3658
Custer,Constitutional Amendment G,,Yes,,2289,0,2289
Custer,Constitutional Amendment H,,No,,3881,0,3881
Custer,Constitutional Amendment H,,Yes,,1936,0,1936
Custer,Initiated Measure 28,,No,,3878,0,3878
Custer,Initiated Measure 28,,Yes,,2023,0,2023
Custer,Initiated Measure 29,,No,,3688,0,3688
Custer,Initiated Measure 29,,Yes,,2279,0,2279
Custer,President,,Chase Oliver and Mike ter Maat,LIB,36,40,-4
Custer,President,,Donald J. Trump and JD Vance,REP,4313,4611,-298
Custer,President,,Kamala D. Harris and Tim Walz,DEM,1567,1375,192
Custer,President,,"Robert F. Kennedy, Jr. and Nicole Shanahan",IND,85,0,85
Custer,President,,"Robert F. Kennedy, Jr. and Nicole Shanahan",,0,173,-173
Custer,Public Utilities Commissioner,,A. Gideon Oakes,LIB,578,825,-247
Custer,Public Utilities Commissioner,,Forrest Wilson,DEM,1163,1034,129
Custer,Public Utilities Commissioner,,Kristie Fiegen,REP,3971,3696,275
Custer,Referred Law 21,,No,,3319,0,3319
Custer,Referred Law 21,,Yes,,2414,0,2414
Custer,State House,30,Susan Scheirbeck,DEM,1481,0,1481
Custer,State House,30,Susan Schierbeck,DEM,0,1479,-1479
Custer,State House,30,Tim Goodwin,REP,3854,3840,14
Custer,State House,30,Trish Ladner,REP,3760,3722,38
Custer,State Senate,30,Amber Hulse,REP,4307,0,4307
Custer,State Senate,30,Bret Swanson,DEM,1442,0,1442
Custer,Supreme Court Retention,5,No,,1036,0,1036
Custer,Supreme Court Retention,5,Yes,,3393,0,3393
Custer,U.S. House,1,Dusty Johnson,REP,4536,0,4536
Custer,U.S. House,1,Sheryl Johnson,DEM,1334,0,1334
Davison,Constitutional Amendment E,,No,,5799,5427,372
Davison,Constitutional Amendment E,,Yes,,3354,3545,-191
Davison,Constitutional Amendment F,,No,,3702,3843,-141
Davison,Constitutional Amendment F,,Yes,,5106,4960,146
Davison,Constitutional Amendment G,,No,,5934,5539,395
Davison,Constitutional Amendment G,,Yes,,3197,3511,-314
Davison,Constitutional Amendment H,,Yes,,2686,3126,-440
Davison,Public Utilities Commissioner,,Forrest Wilson,DEM,1850,1820,30
Davison,Supreme Court Retention,5,No,,1370,0,1370
Davison,Supreme Court Retention,5,Yes,,6278,0,6278
Davison,Supreme Court Retention,Fifth,Justice Scott P. Myren No,,0,1451,-1451
Davison,Supreme Court Retention,Fifth,Justice Scott P. Myren Yes,,0,4003,-4003
Day,Constitutional Amendment E,,No,,1772,0,1772
Day,Constitutional Amendment E,,Yes,,1101,0,1101
Day,Constitutional Amendment F,,No,,1302,0,1302
Day,Constitutional Amendment F,,Yes,,1567,0,1567
Day,Constitutional Amendment G,,No,,1813,0,1813
Day,Constitutional Amendment G,,Yes,,1098,0,1098
Day,Constitutional Amendment H,,No,,1899,0,1899
Day,Constitutional Amendment H,,Yes,,912,0,912
Day,Initiated Measure 28,,No,,0,1766,-1766
Day,Initiated Measure 28,,Yes,,0,1976,-1976
Day,President,,Chase Oliver and Mike Maat,LIB,0,19,-19
Day,President,,Chase Oliver and Mike ter Maat,LIB,20,0,20
Day,President,,Donald J. Trump and JD Vance,REP,1876,1874,2
Day,President,,Kamala D. Harris and Tim Walz,DEM,1000,1009,-9
Day,President,,"Robert F. Kennedy, Jr. and Nicole Shanahan",IND,36,30,6
Day,Public Utilities Commissioner,,A. Gideon Oakes,LIB,103,97,6
Day,Public Utilities Commissioner,,Forrest A. Wilson,DEM,0,745,-745
Day,Public Utilities Commissioner,,Forrest Wilson,DEM,750,0,750
Day,Public Utilities Commissioner,,Kristie Fiegen,REP,1813,1791,22
Day,Referred Law 21,A,No,,0,1051,-1051
Day,Referred Law 21,A,Yes,,0,1165,-1165
Day,State House,1,Christopher Reder,REP,1229,0,1229
Day,State House,1,Josh A. Dennert,LIB,0,97,-97
Day,State House,1,Josh Dennert,LIB,101,0,101
Day,State House,1,Logan Manhart,REP,1378,0,1378
Day,State House,1,Mark A. Sumpiton,DEM,0,753,-753
Day,State House,1,Mark Sumption,DEM,848,0,848
Day,State House,1,Steven D. McCleerey,DEM,983,886,97
Day,State House,1,Tamara Lesnar,LIB,187,145,42
Day,State Senate,1,Michael H. Rohl,REP,1976,1933,43
Day,Supreme Court Retention,5,No,,449,383,66
Day,Supreme Court Retention,5,Yes,,1982,1892,90
Day,U.S. House,1,Dusty Johnson,REP,2118,0,2118
Day,U.S. House,1,Sheryl Johnson,DEM,787,0,787
Deuel,Constitutional Amendment H,,No,,1593,0,1593
Deuel,Constitutional Amendment H,,Yes,,643,0,643
Deuel,President,,Chase Oliver and Mike Maat,LIB,0,21,-21
Deuel,President,,Chase Oliver and Mike ter Maat,LIB,18,0,18
Deuel,President,,Donald J. Trump and JD Vance,REP,1717,1632,85
Deuel,President,,Kamala D. Harris and Tim Walz,DEM,528,448,80
Deuel,President,,"Robert F. Kennedy, Jr. and Nicole Shanahan",IND,40,0,40
Deuel,President,,"Robert F. Kennedy, Jr. and Nicole Shanahan",,0,46,-46
Deuel,Public Utilities Commissioner,,A. Gideon Oakes,LIB,122,112,10
Deuel,Public Utilities Commissioner,,Forrest Wilson,DEM,389,337,52
Deuel,Public Utilities Commissioner,,Kristie Fiegen,REP,1645,1789,-144
Deuel,State House,4,Dylan C. Jordan,REP,1322,0,1322
Deuel,State House,4,Kent Roe,REP,1297,0,1297
Deuel,State Senate,4,Stephanie Sauder,REP,1748,1264,484
Deuel,Supreme Court Retention,5,No,,319,0,319
Deuel,Supreme Court Retention,5,Yes,,1609,0,1609
Deuel,U.S. House,1,Dusty Johnson,REP,1856,1603,253
Deuel,U.S. House,1,Sheryl Johnson,DEM,404,0,404
Deuel,U.S. House,1,Sheryll Johnson,DEM,0,354,-354
Dewey,Constitutional Amendment E,,No,,0,1027,-1027
Dewey,Constitutional Amendment E,,Yes,,0,695,-695
Dewey,Constitutional Amendment F,,No,,0,1037,-1037
Dewey,Constitutional Amendment F,,Yes,,0,838,-838
Dewey,Constitutional Amendment G,,No,,0,885,-885
Dewey,Constitutional Amendment G,,Yes,,0,940,-940
Dewey,Constitutional Amendment H,,No,,1134,945,189
Dewey,Constitutional Amendment H,,Yes,,670,594,76
Dewey,County Commissioner,4,Robert W. Berndt,DEM,0,180,-180
Dewey,County Commissioner,4,Vincent T. DuPris,IND,0,86,-86
Dewey,Initiated Measure 28,,No,,0,1121,-1121
Dewey,Initiated Measure 28,,Yes,,0,759,-759
Dewey,Initiated Measure 29,,No,,0,805,-805
Dewey,Initiated Measure 29,,Yes,,0,1054,-1054
Dewey,President,,Chase Oliver and Mike Ter,LIB,0,2,-2
Dewey,President,,Chase Oliver and Mike ter Maat,LIB,3,0,3
Dewey,President,,Donald J. Trump and JD Vance,REP,793,0,793
Dewey,President,,Donald J. Trump and Liz Van,REP,0,679,-679
Dewey,President,,Kamala D. Harris and Tim Walt,DEM,0,838,-838
Dewey,President,,Kamala D. Harris and Tim Walz,DEM,1032,0,1032
Dewey,President,,"Robert F. Kennedy, Jr. and Nicole Shanahan",IND,43,33,10
Dewey,Public Utilities Commissioner,,A. Gideon Oakes,LIB,90,91,-1
Dewey,Referred Law 21,,No,,0,1145,-1145
Dewey,Referred Law 21,,Yes,,0,671,-671
Dewey,State House,28A,Dana Hunt,REP,0,873,-873
Dewey,State House,28A,Jana Hunt,REP,873,0,873
Douglas,Constitutional Amendment H,,No,,1374,0,1374
Douglas,Constitutional Amendment H,,Yes,,251,0,251
Douglas,President,,Chase Oliver and Mike ter Maat,LIB,1,0,1
Douglas,President,,Donald J. Trump and JD Vance,REP,1419,0,1419
Douglas,President,,Kamala D. Harris and Tim Walz,DEM,313,0,313
Douglas,President,,"Robert F. Kennedy, Jr. and Nicole Shanahan",IND,17,0,17
Douglas,Public Utilities Commissioner,,A. Gideon Oakes,LIB,204,141,63
Douglas,Public Utilities Commissioner,,Forrest Wilson,DEM,143,683,-540
Douglas,Public Utilities Commissioner,,Kristie Fiegen,REP,1417,2301,-884
Douglas,State House,21,Jim Halverson,REP,781,0,781
Douglas,State House,21,Marty Overweg,REP,1335,0,1335
Douglas,State Senate,21,Dan Andersson,DEM,197,0,197
Douglas,State Senate,21,Mykala Voita,REP,1348,0,1348
Douglas,Supreme Court Retention,5,No,,273,0,273
Douglas,Supreme Court Retention,5,Yes,,1123,0,1123
Douglas,U.S. House,1,Dusty Johnson,REP,1462,0,1462
Douglas,U.S. House,1,Sheryl Johnson,DEM,157,0,157
Edmunds,Constitutional Amendment E,,No,,0,1451,-1451
Edmunds,Constitutional Amendment E,,Yes,,0,568,-568
Edmunds,Constitutional Amendment F,,No,,0,865,-865
Edmunds,Constitutional Amendment F,,Yes,,0,1149,-1149
Edmunds,Constitutional Amendment G,,No,,0,1581,-1581
Edmunds,Constitutional Amendment G,,Yes,,0,456,-456
Edmunds,Initiated Measure 28,,No,,0,1595,-1595
Edmunds,Initiated Measure 28,,Yes,,0,418,-418
Edmunds,Initiated Measure 29,,No,,0,1416,-1416
Edmunds,Initiated Measure 29,,Yes,,0,620,-620
Edmunds,President,,Chase Oliver and Mike ter Maat,LIB,4,3,1
Edmunds,Referred Law 21,,No,,0,1469,-1469
Edmunds,Referred Law 21,,Yes,,0,535,-535
Edmunds,Supreme Court,,No,,0,281,-281
Edmunds,Supreme Court,,Yes,,0,1480,-1480
Edmunds,Supreme Court Retention,5,No,,281,0,281
Edmunds,Supreme Court Retention,5,Yes,,1480,0,1480
Fall River,Constitutional Amendment E,,No,,0,2758,-2758
Fall River,Constitutional Amendment E,,Yes,,0,1557,-1557
Fall River,Constitutional Amendment F,,No,,0,1752,-1752
Fall River,Constitutional Amendment F,,Yes,,0,2379,-2379
Fall River,Constitutional Amendment G,,No,,0,2502,-2502
Fall River,Constitutional Amendment G,,Yes,,0,1695,-1695
Fall River,Constitutional Amendment H,,No,,2684,2691,-7
Fall River,Constitutional Amendment H,,Yes,,1357,1516,-159
Fall River,County Commissioner At Large,,Jerry (Sandy) Huddleston,IND,0,1671,-1671
Fall River,County Commissioner At Large,,Joe Allen,REP,0,2237,-2237
Fall River,County Commissioner At Large,,Les Cope,REP,0,2184,-2184
Fall River,County Commissioner At Large,,Sandra Wahlert,REP,0,2270,-2270
Fall River,Initiated Measure 28,,No,,0,2639,-2639
Fall River,Initiated Measure 28,,Yes,,0,1584,-1584
Fall River,Initiated Measure 29,,No,,0,2548,-2548
Fall River,Initiated Measure 29,,Yes,,0,1712,-1712
Fall River,President,,Chase Oliver and Mike ter Maat,LIB,32,31,1
Fall River,President,,Donald J. Trump and JD Vance,REP,3135,2949,186
Fall River,President,,Kamala D. Harris and Tim Walz,DEM,1030,1009,21
Fall River,President,,"Robert F. Kennedy, Jr. and Nicole Shanahan",IND,77,73,4
Fall River,Public Utilities Commissioner,,A. Gideon Oakes,LIB,325,315,10
Fall River,Referred Law 21,,No,,0,2365,-2365
Fall River,Referred Law 21,,Yes,,0,1709,-1709
Fall River,State House,30,Susan Scheirbeck,DEM,991,0,991
Fall River,State House,30,Susan Schierbeck,DEM,0,991,-991
Fall River,Supreme Court Retention,5,Yes,,2699,2446,253
Faulk,Constitutional Amendment E,,No,,0,791,-791
Faulk,Constitutional Amendment E,,Yes,,0,317,-317
Faulk,Constitutional Amendment F,,No,,0,532,-532
Faulk,Constitutional Amendment F,,Yes,,0,570,-570
Faulk,Constitutional Amendment G,,No,,0,914,-914
Faulk,Constitutional Amendment G,,Yes,,0,219,-219
Faulk,Initiated Measure 28,,No,,0,911,-911
Faulk,Initiated Measure 28,,Yes,,0,204,-204
Faulk,Initiated Measure 29,,No,,0,839,-839
Faulk,Initiated Measure 29,,Yes,,0,281,-281
Faulk,President,,Kamala D. Harris and Tim Walz,DEM,183,0,183
Faulk,President,,Kamala D. Harris and Tim Waz,DEM,0,183,-183
Faulk,President,,"Robert F. Kennedy, Jr. and Nicole Shanahan",IND,21,22,-1
Faulk,Referred Law 21,,No,,0,773,-773
Faulk,Referred Law 21,,Yes,,0,332,-332
Faulk,Supreme Court Retention,5,Justice Scott P. Myren,,0,802,-802
Faulk,Supreme Court Retention,5,Yes,,802,0,802
Grant,Constitutional Amendment E,,No,,0,2349,-2349
Grant,Constitutional Amendment E,,Yes,,0,1210,-1210
Grant,Constitutional Amendment F,,No,,0,1468,-1468
Grant,Constitutional Amendment F,,Yes,,0,1851,-1851
Grant,Constitutional Amendment G,,No,,0,2286,-2286
Grant,Constitutional Amendment G,,Yes,,0,1141,-1141
Grant,Constitutional Amendment H,,No,,2400,2341,59
Grant,Constitutional Amendment H,,Yes,,1106,1113,-7
Grant,Initiated Measure 28,,No,,0,549,-549
Grant,Initiated Measure 28,,Yes,,0,328,-328
Grant,Initiated Measure 29,,No,,0,646,-646
Grant,Initiated Measure 29,,Yes,,0,436,-436
Grant,President,,Chase Oliver and Mike ter Maat,LIB,18,17,1
Grant,President,,Donald J. Trump and JD Vance,REP,2594,2729,-135
Grant,President,,Kamala D. Harris and Tim Walz,DEM,946,1015,-69
Grant,President,,"Robert F. Kennedy, Jr. and Nicole Shanahan",IND,72,83,-11
Grant,Public Utilities Commissioner,,A. Gideon Oakes,LIB,141,134,7
Grant,Public Utilities Commissioner,,Forrest Wilson,DEM,667,729,-62
Grant,Public Utilities Commissioner,,Kristie Fiegen,REP,2537,2785,-248
Grant,Referred Law 21,,No,,0,600,-600
Grant,Referred Law 21,,Yes,,0,435,-435
Grant,State House,4,Dryan C. Jordan,REP,0,1942,-1942
Grant,State House,4,Dylan C. Jordan,REP,2048,0,2048
Grant,State House,4,Dyran C. Jordan,REP,0,2100,-2100
Grant,State House,4,Kent Roe,REP,1992,2012,-20
Grant,State Senate,4,Stephanie Sauder,REP,2676,2727,-51
Grant,Supreme Court Retention,5,No,,461,516,-55
Grant,Supreme Court Retention,5,Yes,,2444,3214,-770
Grant,U.S. House,1,Dusty Johnson,REP,2876,3113,-237
Grant,U.S. House,1,Sheryl Johnson,DEM,705,768,-63
Gregory,Constitutional Amendment E,,No,,0,1702,-1702
Gregory,Constitutional Amendment E,,Yes,,0,546,-546
Gregory,Constitutional Amendment F,,No,,0,1036,-1036
Gregory,Constitutional Amendment F,,Yes,,0,1199,-1199
Gregory,Constitutional Amendment G,,No,,0,1728,-1728
Gregory,Constitutional Amendment G,,Yes,,0,520,-520
Gregory,County Commissioner,,Doug Janousek,DEM,0,304,-304
Gregory,County Commissioner,,Lance Matucha,REP,0,237,-237
Gregory,County Commissioner,,P. J. Olson,REP,0,163,-163
Gregory,County Commissioner,,Peggy L Glover,IND,0,275,-275
Gregory,County Commissioner,2,Lance Matucha,REP,0,237,-237
Gregory,County Commissioner,2,Peggy L Glover,IND,0,275,-275
Gregory,County Commissioner,4,Doug Janousek,DEM,0,304,-304
Gregory,County Commissioner,4,P. J. Olson,REP,0,163,-163
Haakon,Constitutional Amendment E,,No,,0,882,-882
Haakon,Constitutional Amendment E,,Yes,,0,231,-231
Haakon,Constitutional Amendment F,,No,,0,506,-506
Haakon,Constitutional Amendment F,,Yes,,0,607,-607
Haakon,Constitutional Amendment G,,No,,0,950,-950
Haakon,Constitutional Amendment G,,Yes,,0,259,-259
Haakon,Constitutional Amendment H,,Yes,,166,165,1
Haakon,County Commissioner,4,Brett L. Nieman,IND,0,55,-55
Haakon,County Commissioner,4,Carla Smith,REP,0,157,-157
Haakon,County Commissioner,5,Alan Rislov,IND,0,133,-133
Haakon,County Commissioner,5,Raymond Clements Jr,REP,0,86,-86
Haakon,County Treasurer,,Jessica Van Dyke,DEM,0,126,-126
Haakon,County Treasurer,,Lisa Younie,IND,0,568,-568
Haakon,County Treasurer,,Tara Peterson,REP,0,298,-298
Haakon,Initiated Measure 28,,No,,0,871,-871
Haakon,Initiated Measure 28,,Yes,,0,155,-155
Haakon,Initiated Measure 29,,No,,0,918,-918
Haakon,Initiated Measure 29,,Yes,,0,254,-254
Haakon,President,,Chase Oliver and Mike Maat,LIB,0,3,-3
Haakon,President,,Kamala D. Harris and Tim Walz,DEM,105,95,10
Haakon,President,,"Robert F. Kennedy, Jr. and Nicole Shanahan",,0,12,-12
Haakon,Referred Law 21,,No,,0,836,-836
Haakon,Referred Law 21,,Yes,,0,267,-267
Haakon,State House,20,Jeff Bathke,REP,0,608,-608
Haakon,State House,20,Kaley NoIz,REP,0,532,-532
Haakon,State House,20,Kaley Noiz,REP,0,532,-532
Haakon,Supreme Court Retention,5,No,,156,311,-155
Haakon,Supreme Court Retention,5,Yes,,787,1473,-686
Hamlin,Constitutional Amendment E,,No,,0,2440,-2440
Hamlin,Constitutional Amendment E,,Yes,,0,940,-940
Hamlin,Constitutional Amendment F,,No,,0,1342,-1342
Hamlin,Constitutional Amendment F,,Yes,,0,1818,-1818
Hamlin,Constitutional Amendment G,,No,,0,2474,-2474
Hamlin,Constitutional Amendment G,,Yes,,0,749,-749
Hamlin,Constitutional Amendment H,,No,,2350,2550,-200
Hamlin,Initiated Measure 28,,No,,0,2420,-2420
Hamlin,Initiated Measure 28,,Yes,,0,801,-801
Hamlin,Initiated Measure 29,,No,,0,2338,-2338
Hamlin,Initiated Measure 29,,Yes,,0,863,-863
Hamlin,President,,Chase Oliver and Mike ter Maat,LIB,19,21,-2
Hamlin,President,,Donald J. Trump and JD Vance,REP,2560,2643,-83
Hamlin,President,,Kamala D. Harris and Tim Walz,DEM,610,619,-9
Hamlin,President,,"Robert F. Kennedy, Jr. and Nicole Shanahan",IND,37,47,-10
Hamlin,Public Utilities Commissioner,,Kristie Riegen,REP,0,2511,-2511
Hamlin,Referred Law 21,,No,,0,1798,-1798
Hamlin,Referred Law 21,,Yes,,0,1317,-1317
Hamlin,Supreme Court Retention,5,Justice Scott P. Myren No,,0,395,-395
Hamlin,Supreme Court Retention,5,Justice Scott P. Myren Yes,,0,2166,-2166
Hand,Constitutional Amendment E,,No,,0,2925,-2925
Hand,Constitutional Amendment E,,Yes,,0,1089,-1089
Hand,Constitutional Amendment F,,No,,0,1821,-1821
Hand,Constitutional Amendment F,,Yes,,0,2166,-2166
Hand,Constitutional Amendment G,,No,,0,2981,-2981
Hand,Constitutional Amendment G,,Yes,,0,941,-941
Hand,Constitutional Amendment H,,No,,1296,3069,-1773
Hand,Constitutional Amendment H,,Yes,,426,866,-440
Hand,Initiated Measure 28,,No,,0,3310,-3310
Hand,Initiated Measure 28,,Yes,,0,688,-688
Hand,Initiated Measure 29,,No,,0,2980,-2980
Hand,Initiated Measure 29,,Yes,,0,1026,-1026
Hand,Public Utilities Commissioner,,A. Gideon Oakes,LIB,52,104,-52
Hand,Public Utilities Commissioner,,Forrest Wilson,DEM,264,528,-264
Hand,Public Utilities Commissioner,,Kristie Fiegen,REP,1347,2694,-1347
Hand,Referred Law 21,,No,,0,2928,-2928
Hand,Referred Law 21,,Yes,,0,1043,-1043
Hand,Supreme Court Retention,5,No,,221,604,-383
Hand,Supreme Court Retention,5,Yes,,1256,2808,-1552
Hanson,Constitutional Amendment E,,No,,0,1343,-1343
Hanson,Constitutional Amendment E,,Yes,,0,663,-663
Hanson,Constitutional Amendment F,,No,,0,788,-788
Hanson,Constitutional Amendment F,,Yes,,0,1201,-1201
Hanson,Constitutional Amendment G,,No,,0,1514,-1514
Hanson,Constitutional Amendment G,,Yes,,0,507,-507
Hanson,Initiated Measure 28,,No,,0,1556,-1556
Hanson,Initiated Measure 28,,Yes,,0,416,-416
Hanson,Initiated Measure 29,,No,,0,1414,-1414
Hanson,Initiated Measure 29,,Yes,,0,582,-582
Hanson,President,,Robert F. Kennedy Jr. and Nicole Shanahan,IND,0,28,-28
Hanson,Referred Law 21,,No,,0,1307,-1307
Hanson,Referred Law 21,,Yes,,0,624,-624
Harding,Constitutional Amendment E,,No,,0,652,-652
Harding,Constitutional Amendment E,,Yes,,0,109,-109
Harding,Constitutional Amendment F,,No,,0,326,-326
Harding,Constitutional Amendment F,,Yes,,0,478,-478
Harding,Constitutional Amendment G,,No,,0,666,-666
Harding,Constitutional Amendment G,,Yes,,0,143,-143
Harding,Constitutional Amendment H,,Yes,,114,144,-30
Harding,Initiated Measure 28,,No,,0,628,-628
Harding,Initiated Measure 28,,Yes,,0,136,-136
Harding,Initiated Measure 29,,No,,0,665,-665
Harding,Initiated Measure 29,,Yes,,0,142,-142
Harding,President,,Chase Oliver and Mike Itter,LIB,0,5,-5
Harding,Public Utilities Commissioner,,Kristie Riegen,REP,0,714,-714
Harding,Referred Law 21,,No,,0,584,-584
Harding,Referred Law 21,,Yes,,0,199,-199
Harding,State House,28B,Travis Ismay,REP,693,1386,-693
Hughes,Constitutional Amendment E,,No,,0,4553,-4553
Hughes,Constitutional Amendment E,,Yes,,0,3878,-3878
Hughes,Constitutional Amendment F,,No,,0,3803,-3803
Hughes,Constitutional Amendment F,,Yes,,0,4703,-4703
Hughes,Constitutional Amendment G,,No,,0,4842,-4842
Hughes,Constitutional Amendment G,,Yes,,0,3659,-3659
Hughes,Constitutional Amendment H,,No,,5406,5316,90
Hughes,Constitutional Amendment H,,Yes,,2956,3030,-74
Hughes,Initiated Measure 28,,No,,0,6584,-6584
Hughes,Initiated Measure 28,,Yes,,0,1866,-1866
Hughes,Initiated Measure 29,,No,,0,4898,-4898
Hughes,Initiated Measure 29,,Yes,,0,3615,-3615
Hughes,President,,Chase Oliver and Michael Ter Maat,LIB,0,59,-59
Hughes,President,,Donald J. Trump and JD Vance,REP,5379,5473,-94
Hughes,President,,Kamala D. Harris and Tim Walz,DEM,2838,2849,-11
Hughes,Public Utilities Commissioner,,A. Gideon Oakes,LIB,408,424,-16
Hughes,Public Utilities Commissioner,,Forrest Wilson,DEM,1837,1868,-31
Hughes,Public Utilities Commissioner,,Kristie Fiegen,REP,5803,6058,-255
Hughes,Referred Law 21,,No,,0,5339,-5339
Hughes,Referred Law 21,,Yes,,0,3877,-3877
Hughes,State Senate,24,Jim Mehlhaff,REP,6102,6346,-244
Hughes,State Senate,26,Shawn Bordeaux,DEM,24,20,4
Hughes,U.S. House,1,Dusty Johnson,REP,6342,6437,-95
Hughes,U.S. House,1,Sheryl Johnson,DEM,2019,2030,-11
Hutchinson,Constitutional Amendment E,,No,,0,2452,-2452
Hutchinson,Constitutional Amendment E,,Yes,,0,1231,-1231
Hutchinson,Constitutional Amendment F,,No,,0,1761,-1761
Hutchinson,Constitutional Amendment F,,Yes,,0,1928,-1928
Hutchinson,Constitutional Amendment G,,No,,0,2937,-2937
Hutchinson,Constitutional Amendment G,,Yes,,0,792,-792
Hyde,Constitutional Amendment E,,No,,0,480,-480
Hyde,Constitutional Amendment E,,Yes,,0,215,-215
Hyde,Constitutional Amendment F,,No,,0,364,-364
Hyde,Constitutional Amendment F,,Yes,,0,324,-324
Hyde,Constitutional Amendment G,,No,,0,522,-522
Hyde,Constitutional Amendment G,,Yes,,0,175,-175
Hyde,County Commissioner,4,Charles K. Hamin,IND,0,45,-45
Hyde,County Commissioner,4,Charles R. Hamlin,,0,45,-45
Hyde,County Commissioner,4,Thomas Kroepfl,REP,0,94,-94
Hyde,County Commissioner,4,Tod Kroeplin,REP,0,94,-94
Hyde,Initiated Measure 28,,No,,0,575,-575
Hyde,Initiated Measure 28,,Yes,,0,116,-116
Hyde,Initiated Measure 29,,No,,0,495,-495
Hyde,Initiated Measure 29,,Yes,,0,203,-203
Hyde,President,,Chase Oliver and Mike Ter Maat,LIB,0,4,-4
Hyde,President,,"Robert F. Kennedy, Jr. and Nicole Shanahan",,0,13,-13
Hyde,President,,"Robert F. Kennedy, Jr., and Nicole Shanahan",IND,0,13,-13
Hyde,Public Utilities Commissioner,,A. Gideon Kocelas,LIB,0,23,-23
Hyde,Public Utilities Commissioner,,Forrest Wilson,CON,0,99,-99
Hyde,Referred Law 21,,No,,0,498,-498
Hyde,Referred Law 21,,Yes,,0,186,-186
Hyde,State House,24,David Reis,IND,0,12,-12
Hyde,State House,24,Rebecca Reimer,REP,0,482,-482
Hyde,State House,26B,Mike Weisgram,REP,0,399,-399
Hyde,State House,26B,Will D. Mortenson,REP,0,482,-482
Hyde,State Senate,26,Jim Mehlhaff,REP,0,530,-530
Hyde,Supreme Court Retention,Fifth Supreme Court District,No,,0,87,-87
Hyde,Supreme Court Retention,Fifth Supreme Court District,Yes,,0,509,-509
Hyde,U.S. House,1,Shery Johnson,DEM,0,103,-103
Jackson,Constitutional Amendment H,,No,,839,0,839
Jackson,Constitutional Amendment H,,Yes,,262,0,262
Jackson,President,,Chase Oliver and Mike ter Maat,LIB,3,0,3
Jackson,President,,Donald J. Trump and JD Vance,REP,753,749,4
Jackson,President,,Kamala D. Harris and Tim Walz,DEM,357,337,20
Jackson,Public Utilities Commissioner,,A. Gideon Oakes,LIB,43,42,1
Jackson,Public Utilities Commissioner,,Kristie Fiegen,REP,703,687,16
Jackson,State House,27,Liz May,REP,753,712,41
Jackson,State Senate,27,Anthony G. Kathol,REP,731,649,82
Jackson,State Senate,27,Anthony G. Koth,REP,0,612,-612
Jackson,Supreme Court Retention,5,No,,270,0,270
Jackson,Supreme Court Retention,5,Yes,,671,0,671
Jackson,U.S. House,1,Dusty Johnson,REP,783,843,-60
Jerauld,Constitutional Amendment H,,No,,703,0,703
Jerauld,Constitutional Amendment H,,Yes,,262,0,262
Jerauld,County Treasurer,,Jessica Van Dyke,DEM,0,126,-126
Jerauld,County Treasurer,,Lisa Younie,IND,0,568,-568
Jerauld,County Treasurer,,Tara Peterson,REP,0,298,-298
Jerauld,President,,Chase Oliver and Mike ter Maat,LIB,1,0,1
Jerauld,President,,Donald J. Trump and JD Vance,REP,708,508,200
Jerauld,President,,"Robert F. Kennedy, Jr. and Nicole Shanahan",IND,14,0,14
Jerauld,President,,"Robert F. Kennedy, Jr. and Nicole Shanahan",,0,14,-14
Jerauld,Public Utilities Commissioner,,A. Gideon Oakes,LIB,15,0,15
Jerauld,Public Utilities Commissioner,,Forrest Wilson,DEM,201,0,201
Jerauld,Public Utilities Commissioner,,Kristie Fiegen,REP,716,0,716
Jerauld,State House,20,Jeff Bathke,REP,611,0,611
Jerauld,State House,20,Kaley Nolz,REP,522,0,522
Jerauld,State Senate,20,Paul Miskimins,REP,694,0,694
Jerauld,Supreme Court Retention,5,No,,161,0,161
Jerauld,Supreme Court Retention,5,Yes,,686,0,686
Jerauld,U.S. House,1,Dusty Johnson,REP,816,0,816
Jerauld,U.S. House,1,Sheryl Johnson,DEM,184,0,184
Jones,Constitutional Amendment E,,,NO,0,426,-426
Jones,Constitutional Amendment E,,,YES,0,122,-122
Jones,Constitutional Amendment E: An Amendment to the South Dakota Constitution Updating Gender References for Certain Officeholders and Persons,,No,,0,426,-426
Jones,Constitutional Amendment E: An Amendment to the South Dakota Constitution Updating Gender References for Certain Officeholders and Persons,,Yes,,0,122,-122
Jones,Constitutional Amendment F,,,NO,0,264,-264
Jones,Constitutional Amendment F,,,YES,0,284,-284
Jones,Constitutional Amendment F: An Amendment to the South Dakota Constitution Authorizing the State to Impose a Work Requirement on Individuals Eligible for Expanded Medicaid Benefits,,No,,0,264,-264
Jones,Constitutional Amendment F: An Amendment to the South Dakota Constitution Authorizing the State to Impose a Work Requirement on Individuals Eligible for Expanded Medicaid Benefits,,Yes,,0,284,-284
Jones,Constitutional Amendment G,,,NO,0,432,-432
Jones,Constitutional Amendment G,,,YES,0,121,-121
Jones,Constitutional Amendment G: An Initiated Amendment Establishing Right to Abortion in the State Constitution,,No,,0,432,-432
Jones,Constitutional Amendment G: An Initiated Amendment Establishing Right to Abortion in the State Constitution,,Yes,,0,121,-121
Jones,Constitutional Amendment H,,No,,433,0,433
Jones,Constitutional Amendment H,,Yes,,108,0,108
Jones,Constitutional Amendment H,,,NO,0,433,-433
Jones,Constitutional Amendment H,,,YES,0,108,-108
Jones,Constitutional Amendment H: An Amendment to the South Dakota Constitution Establishing Top-Two Primary Elections,,No,,0,433,-433
Jones,Constitutional Amendment H: An Amendment to the South Dakota Constitution Establishing Top-Two Primary Elections,,Yes,,0,108,-108
Jones,Initiated Measure 28: An Initiated Measure Prohibiting Taxes on Anything Sold for Human Consumption,,No,,0,464,-464
Jones,Initiated Measure 28: An Initiated Measure Prohibiting Taxes on Anything Sold for Human Consumption,,Yes,,0,82,-82
Jones,"Initiated Measure 29: An Initiated Measure Legalizing the Recreational Use, Possession, and Distribution of Marijuana",,No,,0,400,-400
Jones,"Initiated Measure 29: An Initiated Measure Legalizing the Recreational Use, Possession, and Distribution of Marijuana",,Yes,,0,151,-151
Jones,"Referred Law 21: A Referred Act to Provide New Statutory Requirements for Regulating Linear Transmission Facilities, to Allow Counties to Impose a Surcharge on Certain Pipeline Companies, and to Establish a Landowner Bill of Rights",,No,,0,392,-392
Jones,"Referred Law 21: A Referred Act to Provide New Statutory Requirements for Regulating Linear Transmission Facilities, to Allow Counties to Impose a Surcharge on Certain Pipeline Companies, and to Establish a Landowner Bill of Rights",,Yes,,0,143,-143
Jones,Supreme Court Retention,5,Scott P. Myren,NO,0,103,-103
Jones,Supreme Court Retention,5,Scott P. Myren,YES,0,372,-372
Kingsbury,Constitutional Amendment H,,No,,1925,0,1925
Kingsbury,Constitutional Amendment H,,Yes,,803,0,803
Kingsbury,President,,Chase Oliver and Jeffry Miller,LIB,0,14,-14
Kingsbury,President,,Chase Oliver and Mike ter Maat,LIB,13,0,13
Kingsbury,President,,Donald J. Trump and J. D. Vance,REP,0,1899,-1899
Kingsbury,President,,Donald J. Trump and JD Vance,REP,1989,0,1989
Kingsbury,President,,Kamala D. Harris and Tim Walz,DEM,760,954,-194
Kingsbury,President,,"Robert F. Kennedy, Jr. and Nicole Shanahan",IND,39,0,39
Kingsbury,President,,"Robert F. Kennedy, Jr. and Noelle Shanahan",IND,0,18,-18
Kingsbury,Public Utilities Commissioner,,A. Gideon Oakes,LIB,102,0,102
Kingsbury,Public Utilities Commissioner,,Forrest Wilson,DEM,510,0,510
Kingsbury,Public Utilities Commissioner,,Kristie Fiegen,REP,2031,0,2031
Kingsbury,State House,22,Greg Zimmerman,REP,0,298,-298
Kingsbury,State House,8,Greg Zimmerman,LIB,395,0,395
Kingsbury,State House,8,Tim Reisch,REP,1849,0,1849
Kingsbury,State House,8,Tim Walburg,REP,1679,0,1679
Kingsbury,State Senate,8,Casey Crabtree,REP,2086,0,2086
Kingsbury,State Senate,8,Sheri L. Johnson,DEM,0,136,-136
Kingsbury,Supreme Court Retention,5,No,,354,0,354
Kingsbury,Supreme Court Retention,5,Yes,,2007,0,2007
Kingsbury,U.S. House,1,Chase Oliver and Mike Terrell,LIB,0,13,-13
Kingsbury,U.S. House,1,Dusty Johnson,REP,2209,1913,296
Kingsbury,U.S. House,1,Elaine G. Robinson,LIB,0,13,-13
Kingsbury,U.S. House,1,Sheryl Johnson,DEM,571,0,571
Kingsbury,U.S. House,1,Stephanie Herseth Sandlin,DEM,0,768,-768
Lake,Constitutional Amendment E,,No,,0,3428,-3428
Lake,Constitutional Amendment E,,Yes,,0,2427,-2427
Lake,Constitutional Amendment F,,No,,0,2624,-2624
Lake,Constitutional Amendment F,,Yes,,0,3173,-3173
Lake,Constitutional Amendment G,,No,,0,3348,-3348
Lake,Constitutional Amendment G,,Yes,,0,2253,-2253
Lake,County Commissioner,,Adam Leighton,REP,0,3509,-3509
Lake,County Commissioner,,Charles J Johnson,DEM,0,2514,-2514
Lake,County Commissioner,,Deb Reinicke,REP,0,3199,-3199
Lake,County Commissioner,,Dennis Slaughter,REP,0,3263,-3263
Lake,Initiated Measure 28,,No,,0,3665,-3665
Lake,Initiated Measure 28,,Yes,,0,1890,-1890
Lake,Initiated Measure 29,,No,,0,3043,-3043
Lake,Initiated Measure 29,,Yes,,0,2424,-2424
Lake,President,,Robert F. Kennedy Jr. and Nicole Shanahan,IND,0,87,-87
Lake,Referred Law 21,,No,,0,3235,-3235
Lake,Referred Law 21,,Yes,,0,2163,-2163
Lawrence,Constitutional Amendment E,,No,,0,8553,-8553
Lawrence,Constitutional Amendment E,,Yes,,0,6450,-6450
Lawrence,Constitutional Amendment F,,No,,0,6111,-6111
Lawrence,Constitutional Amendment F,,Yes,,0,9085,-9085
Lawrence,Constitutional Amendment G,,No,,0,8186,-8186
Lawrence,Constitutional Amendment G,,Yes,,0,7075,-7075
Lawrence,Constitutional Amendment H,,No,,9356,9348,8
Lawrence,Constitutional Amendment H,,Yes,,5482,5494,-12
Lawrence,Initiated Measure 28,,No,,0,10011,-10011
Lawrence,Initiated Measure 28,,Yes,,0,5103,-5103
Lawrence,Initiated Measure 29,,No,,0,8154,-8154
Lawrence,Initiated Measure 29,,Yes,,0,7215,-7215
Lawrence,Public Utilities Commissioner,,A. Gideon Oakes,LIB,1103,1003,100
Lawrence,Referred Law 21,,No,,0,8338,-8338
Lawrence,Referred Law 21,,Yes,,0,6246,-6246
Lawrence,State House,31,Victoria A Greenlee,IND,0,3986,-3986
Lawrence,Supreme Court Retention - Fifth Supreme Court District,5,No,,0,2632,-2632
Lawrence,Supreme Court Retention - Fifth Supreme Court District,5,Yes,,0,9713,-9713
Lincoln,Constitutional Amendment H,,No,,22775,0,22775
Lincoln,Constitutional Amendment H,,Yes,,12003,0,12003
Lincoln,President,,Chase Oliver and Mike ter Maat,LIB,227,242,-15
Lincoln,President,,Donald J. Trump and JD Vance,REP,22621,26074,-3453
Lincoln,President,,Kamala D. Harris and Tim Walz,DEM,12981,14829,-1848
Lincoln,President,,"Robert F. Kennedy, Jr. and Nicole Shanahan",IND,564,589,-25
Lincoln,State House,12,Amber Arlint,REP,3527,2230,1297
Lincoln,State House,12,Erin Royer,DEM,1804,1267,537
Lincoln,State House,12,Greg Jamison,REP,3271,0,3271
Lincoln,State House,12,JR Anderson,DEM,1387,0,1387
Lincoln,State House,12,Jr Anderson,DEM,0,1078,-1078
Lincoln,State House,13,John Hughes,REP,6076,0,6076
Lincoln,State House,13,Tony Venhuizen,REP,5727,0,5727
Lincoln,State House,16,Karla J Lems,REP,4110,0,4110
Lincoln,State House,16,Matthew Carl Ness,DEM,1419,0,1419
Lincoln,State House,16,Richard Vasgaard,REP,3285,0,3285
Lincoln,State House,6,Aaron Aylward,REP,6534,284,6250
Lincoln,State House,6,Garret M Campbell,DEM,3546,118,3428
Lincoln,State House,6,Herman Otten,REP,7216,373,6843
Lincoln,State Senate,12,Arch Beal,REP,3443,9563,-6120
Lincoln,State Senate,12,Clay Hoffman,DEM,2049,5695,-3646
Lincoln,State Senate,13,Ali Rae Horsted,DEM,4279,7069,-2790
Lincoln,State Senate,13,Sue Peterson,REP,6749,7257,-508
Lincoln,State Senate,16,Arch Beal,REP,0,1032,-1032
Lincoln,State Senate,16,Clay Hoffman,DEM,0,507,-507
Lincoln,State Senate,16,Kevin D. Jensen,REP,4518,2004,2514
Lincoln,State Senate,6,Ernie Otten,REP,8961,14817,-5856
Lincoln,Supreme Court Retention,5,No,,5626,113,5513
Lincoln,Supreme Court Retention,5,Yes,,23834,488,23346
Lincoln,Supreme Court Retention,Fifth,No,,0,5496,-5496
Lincoln,Supreme Court Retention,Fifth,Yes,,0,23445,-23445
Lyman,Constitutional Amendment E,,No,,0,963,-963
Lyman,Constitutional Amendment E,,Yes,,0,477,-477
Lyman,Constitutional Amendment F,,No,,0,744,-744
Lyman,Constitutional Amendment F,,Yes,,0,688,-688
Lyman,Constitutional Amendment G,,No,,0,962,-962
Lyman,Constitutional Amendment G,,Yes,,0,480,-480
Lyman,Initiated Measure 28,,No,,0,1144,-1144
Lyman,Initiated Measure 28,,Yes,,0,281,-281
Lyman,Initiated Measure 29,,No,,0,743,-743
Lyman,Initiated Measure 29,,Yes,,0,617,-617
Lyman,President,,Donald J. Trump and JD Vance,REP,993,1173,-180
Lyman,Public Utilities Commissioner,,Forrest Wilson,DEM,342,392,-50
Lyman,Referred Law 21,,No,,0,935,-935
Lyman,Referred Law 21,,Yes,,0,463,-463
Lyman,U.S. House,1,Dusty Johnson,REP,1099,1799,-700
Lyman,U.S. House,1,Sheryl Johnson,DEM,318,577,-259
Marshall,Constitutional Amendment H,,No,,1437,0,1437
Marshall,Constitutional Amendment H,,Yes,,630,0,630
Marshall,County Commissioner,,Andrea Kilker,REP,0,19,-19
Marshall,County Commissioner,,Gerry Person,DEM,0,191,-191
Marshall,County Commissioner,,Jared Holland,IND,0,6,-6
Marshall,County Commissioner,,Jason D. Bender,REP,0,253,-253
Marshall,County Commissioner,,Leron Knebel Sr.,DEM,0,22,-22
Marshall,County Commissioner Marshall,,Andrea Kilker,REP,0,260,-260
Marshall,County Commissioner Marshall,,Jared Holland,IND,0,34,-34
Marshall,County Commissioner Marshall,,Leron Knebel Sr.,DEM,0,220,-220
Marshall,President,,Donald J. Trump and JD Vance,REP,1288,1269,19
Marshall,President,,Robert F. Kennedy Jr. and Nicole Shanahan,,0,39,-39
Marshall,President,,"Robert F. Kennedy, Jr. and Nicole Shanahan",IND,28,0,28
Marshall,Public Utilities Commissioner,,A. Gideon Oakes,LIB,71,0,71
Marshall,Public Utilities Commissioner,,A. Gideon Oakes,,0,70,-70
Marshall,Public Utilities Commissioner,,Kristie Fiegen,REP,1259,1257,2
Marshall,State House,1,Christopher Peder,,0,979,-979
Marshall,State House,1,Christopher Reder,REP,859,0,859
Marshall,State House,1,Josh Dennert,LIB,116,131,-15
Marshall,State House,1,Logan Manhart,REP,922,1008,-86
Marshall,State House,1,Mark Sumption,DEM,768,878,-110
Marshall,State House,1,Steven D. McCleerey,DEM,793,783,10
Marshall,State House,1,Tamara Lesnar,LIB,85,0,85
Marshall,State House,1,Tamara Lesnar,,0,101,-101
Marshall,Supreme Court Retention,5,No,,292,0,292
Marshall,Supreme Court Retention,5,Yes,,1492,0,1492
Mccook,Constitutional Amendment H,,No,,2177,0,2177
Mccook,Constitutional Amendment H,,Yes,,777,0,777
Mccook,County Commissioner,,Barney J Boling,DEM,0,133,-133
Mccook,County Commissioner,,Barney J. Roling,DEM,0,133,-133
Mccook,County Commissioner,,Tom S Heumiller,REP,0,404,-404
Mccook,County Commissioner,,Tom S. Heumiller,REP,0,404,-404
Mccook,Initiated Measure 28,,No,,2337,0,2337
Mccook,Initiated Measure 28,,Yes,,673,0,673
Mccook,Initiated Measure 29,,No,,2000,0,2000
Mccook,Initiated Measure 29,,Yes,,1046,0,1046
Mccook,President,,Chase Oliver and Mike ter Maat,LIB,10,23,-13
Mccook,President,,Donald J. Trump and JD Vance,REP,2227,4454,-2227
Mccook,President,,Kamala D. Harris and Tim Kaine,DEM,0,733,-733
Mccook,President,,"Robert F. Kennedy, Jr. and Nicole Shanahan",IND,61,122,-61
Mccook,Public Utilities Commissioner,,A. Gideon Oakes,LIB,108,191,-83
Mccook,Public Utilities Commissioner,,Forrest Wilson,,0,506,-506
Mccook,Public Utilities Commissioner,,Kristie Fiegen,REP,2258,4516,-2258
Mccook,Referred Law 21,,No,,1973,0,1973
Mccook,Referred Law 21,,Yes,,971,0,971
Mccook,State House,19,Drew Peterson,REP,1893,3566,-1673
Mccook,State House,19,Jessica Bahmuller,BEP,0,1783,-1783
Mccook,State House,19,Jessica Bahmuller,REP,1801,0,1801
Mccook,State House,19,Jessica Bahmuller,,0,1783,-1783
Mccook,State Senate,19,Kyle Schoenfish,REP,2135,4170,-2035
Mccook,State Senate,19,Michael J. Miller,IND,644,1288,-644
Mccook,Supreme Court Retention,5,No,,436,0,436
Mccook,Supreme Court Retention,5,Yes,,2108,0,2108
Mccook,U.S. House,1,Dusty Johnson,REP,2460,5046,-2586
Mccook,U.S. House,1,Sheryl Johnson,DEM,554,1008,-454
Mcpherson,Constitutional Amendment E,,No,,0,910,-910
Mcpherson,Constitutional Amendment E,,Yes,,0,369,-369
Mcpherson,Constitutional Amendment F,,No,,0,573,-573
Mcpherson,Constitutional Amendment F,,Yes,,0,714,-714
Mcpherson,Constitutional Amendment G,,No,,0,1034,-1034
Mcpherson,Constitutional Amendment G,,Yes,,0,254,-254
Mcpherson,Constitutional Amendment H,,No,,975,1065,-90
Mcpherson,Constitutional Amendment H,,Yes,,300,295,5
Mcpherson,Supreme Court Retention,5,No,,146,0,146
Mcpherson,Supreme Court Retention,5,Yes,,959,0,959
Mcpherson,Supreme Court Retention,Fifth,No,,0,146,-146
Mcpherson,Supreme Court Retention,Fifth,Yes,,0,959,-959
Meade,Constitutional Amendment E,,No,,9459,0,9459
Meade,Constitutional Amendment E,,Yes,,5091,0,5091
Meade,Constitutional Amendment F,,No,,5539,0,5539
Meade,Constitutional Amendment F,,Yes,,8978,0,8978
Meade,Constitutional Amendment G,,No,,9192,0,9192
Meade,Constitutional Amendment G,,Yes,,5430,0,5430
Meade,Constitutional Amendment H,,No,,9424,0,9424
Meade,Constitutional Amendment H,,Yes,,4765,0,4765
Meade,Initiated Measure 28,,No,,9912,8149,1763
Meade,Initiated Measure 28,,Yes,,4549,5068,-519
Meade,Initiated Measure 29,,No,,8415,7936,479
Meade,Initiated Measure 29,,Yes,,6229,6677,-448
Meade,President,,Chase Oliver and Mike ter Maat,LIB,106,185,-79
Meade,President,,Donald J. Trump and JD Vance,REP,10887,21647,-10760
Meade,President,,Kamala D. Harris and Tim Walz,DEM,3421,6415,-2994
Meade,President,,"Robert F. Kennedy, Jr. and Nicole Shanahan",IND,258,255,3
Meade,President,,"Robert F. Kennedy, Jr., and Nicole Shanahan",IND,0,257,-257
Meade,Public Utilities Commissioner,,A. Gideon Oakes,LIB,1080,1011,69
Meade,Public Utilities Commissioner,,Forrest Wilson,DEM,2554,2327,227
Meade,Public Utilities Commissioner,,Kristie Fiegen,REP,9928,10041,-113
Meade,Referred Law 21,,No,,8402,7950,452
Meade,Referred Law 21,,Yes,,5625,5791,-166
Meade,State House,29,Kathy Rice,REP,6615,13066,-6451
Meade,State House,29,Terri Jorgenson,REP,6966,13645,-6679
Meade,State House,33,Curt Massie,REP,1288,2576,-1288
Meade,State House,33,Phil Jensen,REP,1311,2622,-1311
Meade,State Senate,29,John Carley,REP,8634,9592,-958
Meade,State Senate,33,Curt Voight,REP,1709,9512,-7803
Meade,Supreme Court Retention,5,No,,2479,2421,58
Meade,Supreme Court Retention,5,Yes,,9413,8710,703
Meade,Supreme Court Retention,Fifth Supreme Court,No,,0,2686,-2686
Meade,Supreme Court Retention,Fifth Supreme Court,Yes,,0,8925,-8925
Meade,U.S. House,1,Dusty Johnson,REP,1139,21915,-20776
Meade,U.S. House,1,Sheryl Johnson,DEM,2855,5184,-2329
Mellette,Constitutional Amendment E,,No,,470,0,470
Mellette,Constitutional Amendment E,,Yes,,260,0,260
Mellette,Constitutional Amendment F,,No,,386,0,386
Mellette,Constitutional Amendment F,,Yes,,279,0,279
Mellette,Constitutional Amendment G,,No,,443,0,443
Mellette,Constitutional Amendment G,,Yes,,295,0,295
Mellette,Constitutional Amendment H,,No,,513,0,513
Mellette,Constitutional Amendment H,,Yes,,214,0,214
Mellette,County Commissioner,1,Casey G Krogman,IND,0,53,-53
Mellette,County Commissioner,1,Wesley A Schmidt,IND,0,111,-111
Mellette,County Commissioner,1,William (Bill) Huber,IND,0,53,-53
Mellette,Initiated Measure 28,,No,,429,0,429
Mellette,Initiated Measure 28,,Yes,,206,0,206
Mellette,Initiated Measure 29,,No,,409,0,409
Mellette,Initiated Measure 29,,Yes,,327,0,327
Mellette,President,,Chase Oliver and Mike Ter Maat,LIB,0,3,-3
Mellette,Public Utilities Commissioner,,A. Gideon Oakes,LIB,44,116,-72
Mellette,Public Utilities Commissioner,,Forrest Wilson,DEM,244,556,-312
Mellette,Public Utilities Commissioner,,Kristie Fiegen,REP,402,2271,-1869
Mellette,Referred Law 21,,No,,535,0,535
Mellette,Referred Law 21,,Yes,,195,0,195
Mellette,State Senate,26,Tamara Grove,REP,464,0,464
Mellette,State Senate,26,Tamara St. John,REP,0,464,-464
Mellette,States Attorney,,Kirby Krueger,,0,319,-319
Mellette,States Attorney,,Marcell Seaton,IND,0,337,-337
Mellette,U.S. House,1,Dusty Johnson,REP,370,2340,-1970
Mellette,U.S. House,1,Sawy Johnson,DEM,0,120,-120
Mellette,U.S. House,1,Sheryl Johnson,DEM,253,330,-77
Miner,Constitutional Amendment E,,No,,795,0,795
Miner,Constitutional Amendment E,,Yes,,347,0,347
Miner,Constitutional Amendment F,,No,,528,0,528
Miner,Constitutional Amendment F,,Yes,,600,0,600
Miner,Constitutional Amendment G,,No,,827,0,827
Miner,Constitutional Amendment G,,Yes,,321,0,321
Miner,Constitutional Amendment H,,No,,796,0,796
Miner,Constitutional Amendment H,,Yes,,327,0,327
Miner,Initiated Measure 28,,No,,907,0,907
Miner,Initiated Measure 28,,Yes,,222,0,222
Miner,Initiated Measure 29,,No,,777,0,777
Miner,Initiated Measure 29,,Yes,,380,0,380
Miner,President,,"Robert F. Kennedy, Jr., and Nicole Shanahan",IND,0,28,-28
Miner,Public Utilities Commissioner,,Forrest Wilson,DEM,192,202,-10
Miner,Referred Law 21,,No,,787,0,787
Miner,Referred Law 21,,Yes,,339,0,339
Miner,State House,8,Greg Zimmerman,LIB,119,125,-6
Miner,State Senate,8,Casey Crabtree,REP,760,837,-77
Miner,Supreme Court Retention,5,No,,165,0,165
Miner,Supreme Court Retention,5,Yes,,770,0,770
Miner,U.S. House,1,Sheryl Johnson,DEM,209,220,-11
Minnehaha,Constitutional Amendment E,,No,,46156,933,45223
Minnehaha,Constitutional Amendment E,,Yes,,46231,1315,44916
Minnehaha,Constitutional Amendment F,,No,,42598,1248,41350
Minnehaha,Constitutional Amendment F,,Yes,,49529,995,48534
Minnehaha,Constitutional Amendment G,,No,,47920,933,46987
Minnehaha,Constitutional Amendment G,,Yes,,45457,1343,44114
Minnehaha,Constitutional Amendment H,,No,,55723,1193,54530
Minnehaha,Constitutional Amendment H,,Yes,,33463,980,32483
Minnehaha,County Commissioner At Large,,Anny Libengood,IND,0,27748,-27748
Minnehaha,County Commissioner At Large,,Cole Heisey,REP,0,42585,-42585
Minnehaha,County Commissioner At Large,,Dean E. Karsky,REP,0,44711,-44711
Minnehaha,County Commissioner At Large,,Dean Karsky,REP,0,3374,-3374
Minnehaha,East Dakota Water Development,4,Bonnie Dybendal,NON,0,5165,-5165
Minnehaha,East Dakota Water Development,4,Richard Bonander,NON,0,5461,-5461
Minnehaha,East Dakota Water Development,Director,Bonnie DyeDahl,NON,0,4965,-4965
Minnehaha,East Dakota Water Development,Director,Richard Bonander,NON,0,5459,-5459
Minnehaha,Initiated Measure 28,,No,,59918,32032,27886
Minnehaha,Initiated Measure 28,,Yes,,31691,17676,14015
Minnehaha,Initiated Measure 29,,No,,45439,23091,22348
Minnehaha,Initiated Measure 29,,Yes,,48055,26287,21768
Minnehaha,President,,Chase Oliver and Mike Maat,LIB,0,46,-46
Minnehaha,President,,Chase Oliver and Mike Ter Maat,LIB,0,57,-57
Minnehaha,President,,Chase Oliver and Mike ter Maat,LIB,673,141,532
Minnehaha,President,,Donald J. Trump and JD Vance,REP,51842,23532,28310
Minnehaha,President,,Kamala D. Harris and Tim Walz,DEM,39923,13452,26471
Minnehaha,President,,"Robert F. Kennedy, Jr. and Nicole Shanahan",IND,1548,609,939
Minnehaha,Public Utilities Commissioner,,A. Gideon Oakes,LIB,4346,4488,-142
Minnehaha,Public Utilities Commissioner,,Forrest Wilson,DEM,28587,29170,-583
Minnehaha,Public Utilities Commissioner,,Kristie Fiegen,REP,54700,57001,-2301
Minnehaha,Referred Law 21,,No,,50136,29005,21131
Minnehaha,Referred Law 21,,Yes,,38113,20703,17410
Minnehaha,State House,10,Bobbi L Andera,REP,4234,4722,-488
Minnehaha,State House,10,Bobbi L. Andera,REP,0,1897,-1897
Minnehaha,State House,10,Erin Healy,DEM,5138,8906,-3768
Minnehaha,State House,10,Kameron Nelson,DEM,4045,7006,-2961
Minnehaha,State House,11,Aaron Matson,DEM,4261,5762,-1501
Minnehaha,State House,11,Brian K. Mulder,REP,0,6644,-6644
Minnehaha,State House,11,Keri K. Weems,REP,0,6331,-6331
Minnehaha,State House,11,Sonja Mentele,DEM,0,4599,-4599
Minnehaha,State House,11,Sonja Mentzer,DEM,4599,4927,-328
Minnehaha,State House,12,Amber Arlint,REP,2730,3784,-1054
Minnehaha,State House,12,DR Anderson,DEM,0,1820,-1820
Minnehaha,State House,12,Erin Royer,DEM,2610,3471,-861
Minnehaha,State House,12,Greg Jamison,REP,2690,3733,-1043
Minnehaha,State House,12,JR Anderson,DEM,2148,0,2148
Minnehaha,State House,12,R. Anderson,DEM,0,2148,-2148
Minnehaha,State House,13,John Hughes,REP,1659,3069,-1410
Minnehaha,State House,13,Tony Venhuizen,REP,1543,3026,-1483
Minnehaha,State House,15,Brad Lindwurm,REP,3918,4648,-730
Minnehaha,State House,15,Erik Muckey,DEM,4364,10831,-6467
Minnehaha,State House,15,Joni Tschetter,REP,4357,5197,-840
Minnehaha,State House,15,Kadyn Wittman,DEM,4551,12239,-7688
Minnehaha,State House,2,David Kull,REP,8239,9265,-1026
Minnehaha,State House,2,John Sjaarda,REP,8392,8729,-337
Minnehaha,State House,2,John Spaar,REP,0,637,-637
Minnehaha,State House,25,Brad Lindwurm,REP,0,4113,-4113
Minnehaha,State House,25,Jon Hansen,REP,6662,2019,4643
Minnehaha,State House,25,Joni Tschetter,REP,0,432,-432
Minnehaha,State House,25,Les Heineman,REP,0,432,-432
Minnehaha,State House,25,Les Heinemann,REP,5581,1792,3789
Minnehaha,State House,9,Bethany Soye,REP,6473,10957,-4484
Minnehaha,State House,9,Beverly Froslie Johnson,DEM,4003,5238,-1235
Minnehaha,State House,9,Beverly Froslie-Johnson,DEM,0,5707,-5707
Minnehaha,State House,9,Tesa Schwans,REP,6560,8715,-2155
Minnehaha,State Senate,10,Liz Larson,DEM,5606,18750,-13144
Minnehaha,State Senate,11,Chris Karr,REP,6796,2212,4584
Minnehaha,State Senate,11,Clay Hoffman,DEM,0,1811,-1811
Minnehaha,State Senate,11,Steve Natz,DEM,4747,2580,2167
Minnehaha,State Senate,12,Ali Rae Horsted,DEM,0,2077,-2077
Minnehaha,State Senate,12,Arch Beal,REP,2724,834,1890
Minnehaha,State Senate,12,Chris Karr,REP,0,3849,-3849
Minnehaha,State Senate,12,Clay Hoffman,DEM,2859,2784,75
Minnehaha,State Senate,13,Ali Rae,DEM,0,458,-458
Minnehaha,State Senate,13,Ali Rae Horsted,DEM,1669,1392,277
Minnehaha,State Senate,13,Sue Peterson,REP,1635,1941,-306
Minnehaha,State Senate,14,Larry P. Zikmund,REP,7127,8902,-1775
Minnehaha,State Senate,14,Larry Zikmund,REP,0,329,-329
Minnehaha,State Senate,14,Sandra Henry,DEM,5936,7862,-1926
Minnehaha,State Senate,15,Brenda Lawrence,REP,4582,6227,-1645
Minnehaha,State Senate,15,Jamie Smith,DEM,5052,4674,378
Minnehaha,State Senate,2,Steve Kolbeck,REP,10337,9300,1037
Minnehaha,State Senate,25,Brian Wirth,DEM,2672,3590,-918
Minnehaha,State Senate,25,Tom Pischke,REP,7584,9971,-2387
Minnehaha,State Senate,9,Arch Beal,REP,0,7985,-7985
Minnehaha,State Senate,9,Joy Hohn,REP,8137,27757,-19620
Minnehaha,Supreme Court Retention,5,No,,17092,12428,4664
Minnehaha,Supreme Court Retention,5,No,,17092,17292,-200
Minnehaha,Supreme Court Retention,5,Yes,,58811,40724,18087
Minnehaha,Supreme Court Retention,5,Yes,,58811,59142,-331
Minnehaha,U.S. House,1,Dusty Johnson,REP,60016,60726,-710
Minnehaha,U.S. House,1,Sheryl Johnson,DEM,32303,33596,-1293
Moody,Constitutional Amendment E,,No,,1992,1471,521
Moody,Constitutional Amendment E,,Yes,,1183,921,262
Moody,Constitutional Amendment F,,No,,1514,1220,294
Moody,Constitutional Amendment F,,Yes,,1651,1167,484
Moody,Constitutional Amendment G,,No,,2015,1452,563
Moody,Constitutional Amendment G,,Yes,,1192,968,224
Moody,Constitutional Amendment H,,No,,2093,1525,568
Moody,Constitutional Amendment H,,Yes,,1021,814,207
Moody,Initiated Measure 28,,No,,2214,1646,568
Moody,Initiated Measure 28,,Yes,,958,744,214
Moody,Initiated Measure 29,,No,,1886,1378,508
Moody,Initiated Measure 29,,Yes,,1327,1099,228
Moody,Public Utilities Commissioner,,Kristie Fiegen,REP,2142,0,2142
Moody,Public Utilities Commissioner,,Kristie Regen,REP,0,2142,-2142
Moody,Referred Law 21,,No,,2341,1746,595
Moody,Referred Law 21,,Yes,,811,634,177
Moody,State House,25,Jon Hansen,REP,1619,1409,210
Moody,State House,25,Les Heineman,REP,0,1627,-1627
Moody,State House,25,Les Heinemann,REP,1898,1627,271
Moody,State Senate,25,Brian Wirth,DEM,962,879,83
Moody,State Senate,25,Tom Pischke,REP,2083,1785,298
Moody,Supreme Court Retention,5,No,,591,527,64
Moody,Supreme Court Retention,5,No,,591,527,64
Moody,Supreme Court Retention,5,Yes,,2084,1828,256
Moody,Supreme Court Retention,5,Yes,,2084,1828,256
Moody,U.S. House,1,Sheryl Johnson,DEM,889,862,27
Oglala Lakota,Constitutional Amendment E,,An Amendment to the South Dakota Constitution Updating Gender References for Certain Officeholders and Persons,NO,0,1303,-1303
Oglala Lakota,Constitutional Amendment E,,An Amendment to the South Dakota Constitution Updating Gender References for Certain Officeholders and Persons,YES,0,1875,-1875
Oglala Lakota,Constitutional Amendment E,,No,,1222,0,1222
Oglala Lakota,Constitutional Amendment E,,Yes,,1764,0,1764
Oglala Lakota,Constitutional Amendment F,,An Amendment to the South Dakota Constitution Authorizing the State to Impose a Work Requirement on Individuals Eligible for Expanded Medicaid Benefits,NO,0,2526,-2526
Oglala Lakota,Constitutional Amendment F,,An Amendment to the South Dakota Constitution Authorizing the State to Impose a Work Requirement on Individuals Eligible for Expanded Medicaid Benefits,YES,0,1687,-1687
Oglala Lakota,Constitutional Amendment F,,No,,1816,0,1816
Oglala Lakota,Constitutional Amendment F,,Yes,,1193,0,1193
Oglala Lakota,Constitutional Amendment G,,An Initiated Amendment Establishing a Right to Abortion in the State Constitution,NO,0,1407,-1407
Oglala Lakota,Constitutional Amendment G,,An Initiated Amendment Establishing a Right to Abortion in the State Constitution,YES,0,2743,-2743
Oglala Lakota,Constitutional Amendment G,,No,,980,0,980
Oglala Lakota,Constitutional Amendment G,,Yes,,2020,0,2020
Oglala Lakota,Constitutional Amendment H,,An Amendment to the South Dakota Constitution Establishing Top-Two Primary Elections,NO,0,2005,-2005
Oglala Lakota,Constitutional Amendment H,,An Amendment to the South Dakota Constitution Establishing Top-Two Primary Elections,YES,0,2045,-2045
Oglala Lakota,Constitutional Amendment H,,No,,1440,0,1440
Oglala Lakota,Constitutional Amendment H,,Yes,,1465,0,1465
Oglala Lakota,Initiated Measure 28,,No,,1150,1128,22
Oglala Lakota,Initiated Measure 28,,Yes,,1812,1811,1
Oglala Lakota,Initiated Measure 29,,No,,809,836,-27
Oglala Lakota,Initiated Measure 29,,Yes,,2177,2138,39
Oglala Lakota,President,,Chase Oliver and Mike ter Maat,LIB,17,20,-3
Oglala Lakota,President,,Donald J. Trump and JD Vance,REP,406,523,-117
Oglala Lakota,President,,Kamala D. Harris and Tim Walz,DEM,2567,3234,-667
Oglala Lakota,President,,"Robert F. Kennedy, Jr. and Nicole Shanahan",IND,72,91,-19
Oglala Lakota,Public Utilities Commissioner,,A. Gideon Oakes,LIB,313,156,157
Oglala Lakota,Public Utilities Commissioner,,Kristie Fiegen,REP,720,357,363
Oglala Lakota,State House,27,Elsie Meeks,DEM,1654,1895,-241
Oglala Lakota,State House,27,Liz May,REP,475,530,-55
Oglala Lakota,State House,27,Peri Pourier,DEM,2488,2877,-389
Oglala Lakota,State Senate,27,Anthony G. Kathol,REP,348,432,-84
Oglala Lakota,State Senate,27,Red Dawn Foster,DEM,2717,3478,-761
Oglala Lakota,Supreme Court Retention,5,Shall Justice Scott P. Myren be retained?,NO,0,1586,-1586
Oglala Lakota,Supreme Court Retention,5,Shall Justice Scott P. Myren be retained?,YES,0,1500,-1500
Oglala Lakota,Supreme Court Retention,5,Yes,,1315,1313,2
Pennington,Constitutional Amendment E,,No,,30434,28427,2007
Pennington,Constitutional Amendment E,,Yes,,25391,26459,-1068
Pennington,Constitutional Amendment F,,No,,22050,22002,48
Pennington,Constitutional Amendment F,,Yes,,33445,18442,15003
Pennington,Constitutional Amendment G,,No,,29696,22023,7673
Pennington,Constitutional Amendment G,,Yes,,26400,25622,778
Pennington,Constitutional Amendment H,,No,,33428,25722,7706
Pennington,Constitutional Amendment H,,Yes,,20484,25596,-5112
Pennington,Initiated Measure 28,,No,,35335,2372,32963
Pennington,Initiated Measure 28,,Yes,,19799,1373,18426
Pennington,Initiated Measure 29,,No,,28863,1978,26885
Pennington,Initiated Measure 29,,Yes,,27386,1280,26106
Pennington,President,,Chase Oliver and Mike ter Maat,LIB,483,380,103
Pennington,President,,Donald J. Trump and JD Vance,REP,35009,37386,-2377
Pennington,President,,Kamala D. Harris and Tim Walz,DEM,20051,20260,-209
Pennington,President,,"Robert F. Kennedy, Jr. and Nicole Shanahan",IND,1037,1138,-101
Pennington,Public Utilities Commissioner,,A. Gideon Oakes,LIB,4324,4425,-101
Pennington,Public Utilities Commissioner,,Forrest Wilson,DEM,15384,16474,-1090
Pennington,Public Utilities Commissioner,,Kristie Fiegen,REP,33056,35831,-2775
Pennington,Referred Law 21,,No,,28535,1763,26772
Pennington,Referred Law 21,,Yes,,24433,1314,23119
Pennington,State House,27,Elsie Meeks,DEM,380,3561,-3181
Pennington,State House,27,Liz May,REP,1779,5400,-3621
Pennington,State House,27,Peri Pourier,DEM,297,1696,-1399
Pennington,State House,30,Susan Scheirbeck,DEM,1400,0,1400
Pennington,State House,30,Susan Schirebeck,DEM,0,3199,-3199
Pennington,State House,30,Tim Goodwin,REP,3631,2937,694
Pennington,State House,30,Trish Ladner,REP,3188,3402,-214
Pennington,State House,32,Brook Kaufman,REP,3548,621,2927
Pennington,State House,32,Nicole Uhre Balk,DEM,0,935,-935
Pennington,State House,32,Nicole Uhre-Balk,DEM,4133,0,4133
Pennington,State House,32,Steve Duffy,REP,4111,716,3395
Pennington,State House,33,Curt Massie,REP,6067,10369,-4302
Pennington,State House,33,Phil Jensen,REP,6014,10021,-4007
Pennington,State House,33,Tina Mullally,REP,0,1383,-1383
Pennington,State House,34,Heather Baxter,REP,6381,4234,2147
Pennington,State House,34,Jason Lind,#NAME?,0,1525,-1525
Pennington,State House,34,Mike Derby,REP,7108,4333,2775
Pennington,State House,34,Tony Randolph,REP,0,1297,-1297
Pennington,State House,35,Jason Lind,#NAME?,0,746,-746
Pennington,State House,35,Jason Lind,DEM,3772,4032,-260
Pennington,State House,35,Pat Cromwell,DEM,4004,4814,-810
Pennington,State House,35,Tina L Mulally,REP,8586,0,8586
Pennington,State House,35,Tina Mulally,REP,0,9236,-9236
Pennington,State House,35,Tina Mullally,REP,0,2171,-2171
Pennington,State House,35,Tony Randolph,REP,8778,10555,-1777
Pennington,State Senate,27,Anthony G. Kathol,REP,1765,1767,-2
Pennington,State Senate,27,Red Dawn Foster,DEM,329,1238,-909
Pennington,State Senate,30,Amber Hulse,REP,3942,10,3932
Pennington,State Senate,30,Bret Swanson,DEM,1469,1179,290
Pennington,State Senate,32,Helene Duhamel,REP,5189,2724,2465
Pennington,State Senate,32,Karen M. McNeal,IND,3463,1663,1800
Pennington,State Senate,33,Curt Voight,REP,7538,7511,27
Pennington,State Senate,33,Kehala Two Bulls,DEM,0,10454,-10454
Pennington,State Senate,34,Kehala Two Bulls,DEM,5016,6991,-1975
Pennington,State Senate,34,Taffy Howard,REP,7586,5147,2439
Pennington,State Senate,35,Greg Blanc,REP,9851,8860,991
Pennington,Supreme Court Retention,5,No,,10233,12644,-2411
Pennington,Supreme Court Retention,5,Yes,,35479,40634,-5155
Pennington,U.S. House,1,Dusty Johnson,REP,38628,39633,-1005
Pennington,U.S. House,1,Sheryl Johnson,DEM,16727,16603,124
Pennington,,,No,,0,2582,-2582
Pennington,,,Yes,,0,1865,-1865
Perkins,Constitutional Amendment E,,No,,1155,1133,22
Perkins,Constitutional Amendment E,,Yes,,427,519,-92
Perkins,Constitutional Amendment F,,No,,621,681,-60
Perkins,Constitutional Amendment F,,Yes,,955,965,-10
Perkins,Constitutional Amendment G,,No,,1240,997,243
Perkins,Constitutional Amendment G,,Yes,,348,502,-154
Perkins,Constitutional Amendment H,,No,,1223,1290,-67
Perkins,Constitutional Amendment H,,Yes,,337,499,-162
Perkins,Initiated Measure 28,,No,,1246,1846,-600
Perkins,Initiated Measure 28,,Yes,,321,520,-199
Perkins,Initiated Measure 29,,No,,1199,2149,-950
Perkins,Initiated Measure 29,,Yes,,382,879,-497
Perkins,President,,Chase Oliver and Mike ter Maat,LIB,4,2,2
Perkins,President,,Donald J. Trump and JD Vance,REP,1342,2423,-1081
Perkins,President,,Kamala D. Harris and Tim Walz,DEM,228,404,-176
Perkins,President,,"Robert F. Kennedy, Jr. and Nicole Shanahan",,0,15,-15
Perkins,Public Utilities Commissioner,,A. Gideon Oakes,LIB,173,71,102
Perkins,Public Utilities Commissioner,,Forrest Wilson,DEM,184,187,-3
Perkins,Referred Law 21,,No,,1114,2125,-1011
Perkins,Referred Law 21,,Yes,,435,782,-347
Perkins,State House,28A,Carl J. Petersen,DEM,78,186,-108
Perkins,State House,28A,Dana Hunt,REP,0,2384,-2384
Perkins,State House,28A,Jana Hunt,REP,622,0,622
Perkins,Supreme Court Retention,5,Justice Scott P. Myren,,0,1060,-1060
Perkins,Supreme Court Retention,5,No,,210,405,-195
Perkins,Supreme Court Retention,5,Yes,,1049,1147,-98
Potter,Supreme Court Retention,5,No,,166,132,34
Roberts,Constitutional Amendment E,,No,,2350,0,2350
Roberts,Constitutional Amendment E,,Yes,,1735,0,1735
Roberts,Constitutional Amendment F,,No,,1973,0,1973
Roberts,Constitutional Amendment F,,Yes,,2106,0,2106
Roberts,Constitutional Amendment G,,No,,2431,0,2431
Roberts,Constitutional Amendment G,,Yes,,1669,0,1669
Roberts,Constitutional Amendment H,,No,,2655,0,2655
Roberts,Constitutional Amendment H,,Yes,,1342,0,1342
Roberts,Initiated Measure 28,,No,,2828,0,2828
Roberts,Initiated Measure 28,,Yes,,1240,0,1240
Roberts,Initiated Measure 29,,No,,2381,0,2381
Roberts,Initiated Measure 29,,Yes,,1714,0,1714
Roberts,President,,Chase Oliver and Mike ter Maat,LIB,12,13,-1
Roberts,President,,Donald J. Trump and JD Vance,REP,2514,5345,-2831
Roberts,President,,Kamala D. Harris and Tim Walz,DEM,1560,3245,-1685
Roberts,President,,"Robert F. Kennedy, Jr. and Nicole Shanahan",IND,63,97,-34
Roberts,Public Utilities Commissioner,,A. Gideon Oakes,LIB,272,0,272
Roberts,Public Utilities Commissioner,,Forrest Wilson,DEM,1327,0,1327
Roberts,Public Utilities Commissioner,,Kristie Fiegen,REP,2348,0,2348
Roberts,Referred Law 21,,No,,2337,0,2337
Roberts,Referred Law 21,,Yes,,1666,0,1666
Roberts,State Senate,1,Michael H. Rohl,REP,1843,1930,-87
Roberts,State Senate,4,Stephanie Sauder,REP,774,881,-107
Roberts,Supreme Court Retention,5,No,,782,733,49
Roberts,Supreme Court Retention,5,Yes,,2728,2441,287
Roberts,U.S. House,1,Dusty Johnson,REP,2827,0,2827
Roberts,U.S. House,1,Johnson,,0,2823,-2823
Roberts,U.S. House,1,Sheryl Johnson,DEM,1272,0,1272
Roberts,U.S. House,1,Synergy Mcassy,,0,1118,-1118
Sanborn,Constitutional Amendment A,,No,,0,1065,-1065
Sanborn,Constitutional Amendment A,,Yes,,0,960,-960
Sanborn,Constitutional Amendment H,,Yes,,299,292,7
Sanborn,County Commissioner,2,Earl Hinricher,REP,0,168,-168
Sanborn,County Commissioner,2,Paul Larson,DEM,0,112,-112
Sanborn,Initiated Measure 28,,Yes,,251,258,-7
Spink,Constitutional Amendment E,,No,,2066,1990,76
Spink,Constitutional Amendment E,,Yes,,1046,980,66
Spink,Constitutional Amendment F,,No,,1530,1579,-49
Spink,Constitutional Amendment F,,Yes,,1574,1381,193
Spink,Constitutional Amendment G,,No,,2081,1976,105
Spink,Constitutional Amendment G,,Yes,,1037,912,125
Spink,Constitutional Amendment H,,No,,2168,2059,109
Spink,Constitutional Amendment H,,Yes,,917,816,101
Spink,County Commissioner,4,Suzanne Smith,IND,0,465,-465
Spink,County Commissioner,4,Thomas Farmen,IND,0,175,-175
Spink,Initiated Measure 28,,No,,2382,2283,99
Spink,Initiated Measure 29,,No,,2033,2030,3
Spink,President,,"Robert F. Kennedy, Jr. and Nicole Shanahan",,0,59,-59
Spink,Referred Law 21,,No,,2077,2067,10
Spink,State House,22,Kevin Van Deipen,REP,0,1345,-1345
Spink,State House,22,Kevin Van Diepen,REP,1345,0,1345
Spink,State Senate,22,David Wheeler,REP,1998,2008,-10
Spink,Supreme Court Retention,5,No,,453,553,-100
Spink,U.S. House,1,Dusty Johnson,REP,2430,4507,-2077
Spink,U.S. House,1,Sheryl Johnson,DEM,685,1216,-531
Todd,Constitutional Amendment E,,An Amendment to the South Dakota Constitution Updating Gender References for Certain Officeholders,NO,0,53,-53
Todd,Constitutional Amendment E,,An Amendment to the South Dakota Constitution Updating Gender References for Certain Officeholders,YES,0,73,-73
Todd,Constitutional Amendment E,,No,,917,0,917
Todd,Constitutional Amendment E,,Yes,,1187,0,1187
Todd,Constitutional Amendment F,,An Amendment to the South Dakota Constitution Authorizing the State to Impose a Work Requirement on,NO,0,68,-68
Todd,Constitutional Amendment F,,An Amendment to the South Dakota Constitution Authorizing the State to Impose a Work Requirement on,YES,0,57,-57
Todd,Constitutional Amendment F,,No,,1322,0,1322
Todd,Constitutional Amendment F,,Yes,,797,0,797
Todd,Constitutional Amendment G,,An Initiated Amendment Establishing a Right to Abortion in the State Constitution,NO,0,46,-46
Todd,Constitutional Amendment G,,An Initiated Amendment Establishing a Right to Abortion in the State Constitution,YES,0,62,-62
Todd,Constitutional Amendment G,,No,,810,0,810
Todd,Constitutional Amendment G,,Yes,,1300,0,1300
Todd,Constitutional Amendment H,,An Amendment to the South Dakota Constitution Establishing Top-Two Primary Elections,NO,0,57,-57
Todd,Constitutional Amendment H,,An Amendment to the South Dakota Constitution Establishing Top-Two Primary Elections,YES,0,70,-70
Todd,Constitutional Amendment H,,No,,1113,0,1113
Todd,Constitutional Amendment H,,Yes,,949,0,949
Todd,Initiated Measure 28,,An Initiated Measure Prohibiting Taxes on Anything Sold for Human Consumption,NO,0,76,-76
Todd,Initiated Measure 28,,An Initiated Measure Prohibiting Taxes on Anything Sold for Human Consumption,YES,0,62,-62
Todd,Initiated Measure 28,,No,,1132,0,1132
Todd,Initiated Measure 28,,Yes,,946,0,946
Todd,Initiated Measure 29,,"An Initiated Measure Legalizing the Recreational Use, Possession, and Distribution of Marijuana",NO,0,29,-29
Todd,Initiated Measure 29,,"An Initiated Measure Legalizing the Recreational Use, Possession, and Distribution of Marijuana",YES,0,94,-94
Todd,Initiated Measure 29,,No,,662,0,662
Todd,Initiated Measure 29,,Yes,,1462,0,1462
Todd,Public Utilities Commissioner,,A. Gideon Oakes,LIB,113,120,-7
Todd,Public Utilities Commissioner,,Forrest Wilson,DEM,1458,1517,-59
Todd,Public Utilities Commissioner,,Kristie Fiegen,REP,475,505,-30
Todd,Referred Law 21,,"A Referred Act to Provide New Statutory Requirements for Regulating Linear Transmission Facilities, to Allow",NO,0,74,-74
Todd,Referred Law 21,,"A Referred Act to Provide New Statutory Requirements for Regulating Linear Transmission Facilities, to Allow",YES,0,49,-49
Todd,Referred Law 21,,No,,1268,0,1268
Todd,Referred Law 21,,Yes,,715,0,715
Todd,State Senate,26,Shawn Bordeaux,DEM,1464,1522,-58
Todd,State Senate,26,Tamara St. John,REP,0,631,-631
Todd,Supreme Court Retention,5,No,,908,0,908
Todd,Supreme Court Retention,5,Scott P. Myren,NO,0,908,-908
Todd,Supreme Court Retention,5,Scott P. Myren,YES,0,943,-943
Todd,Supreme Court Retention,5,Yes,,943,0,943
Tripp,Constitutional Amendment E,,No,,932,0,932
Tripp,Constitutional Amendment E,,Yes,,718,0,718
Tripp,Constitutional Amendment F,,No,,1204,0,1204
Tripp,Constitutional Amendment F,,Yes,,1449,0,1449
Tripp,Constitutional Amendment G,,No,,2024,0,2024
Tripp,Constitutional Amendment G,,Yes,,644,0,644
Tripp,Constitutional Amendment H,,No,,2102,0,2102
Tripp,Constitutional Amendment H,,Yes,,544,0,544
Tripp,Initiated Measure 28,,No,,2207,0,2207
Tripp,Initiated Measure 28,,Yes,,435,0,435
Tripp,Initiated Measure 29,,No,,2014,0,2014
Tripp,Initiated Measure 29,,Yes,,649,0,649
Tripp,Public Utilities Commissioner,,A. Gideon Oakes,LIB,207,72,135
Tripp,Public Utilities Commissioner,,Forrest Wilson,DEM,357,312,45
Tripp,Public Utilities Commissioner,,Kristie Fiegen,REP,2119,1869,250
Tripp,Referred Law 21,,No,,1981,0,1981
Tripp,Referred Law 21,,Yes,,640,0,640
Tripp,State House,21,Jim Halverson,REP,2126,2718,-592
Tripp,State House,21,Marty Overweg,REP,1214,1508,-294
Tripp,State Senate,21,Dan Andersson,DEM,476,479,-3
Tripp,State Senate,21,Mykala Voita,REP,2082,2128,-46
Tripp,Supreme Court Retention,5,No,,435,407,28
Tripp,Supreme Court Retention,5,No,,435,355,80
Tripp,Supreme Court Retention,5,Yes,,1847,1717,130
Tripp,Supreme Court Retention,5,Yes,,1847,1496,351
Turner,Constitutional Amendment E,,No,,3071,0,3071
Turner,Constitutional Amendment E,,Yes,,1443,0,1443
Turner,Constitutional Amendment F,,No,,1971,0,1971
Turner,Constitutional Amendment F,,Yes,,2551,0,2551
Turner,Constitutional Amendment G,,No,,3210,0,3210
Turner,Constitutional Amendment G,,Yes,,1331,0,1331
Turner,Constitutional Amendment H,,No,,3244,0,3244
Turner,Constitutional Amendment H,,Yes,,1208,0,1208
Turner,Initiated Measure 28,,No,,3526,0,3526
Turner,Initiated Measure 28,,Yes,,975,0,975
Turner,Initiated Measure 29,,No,,2982,0,2982
Turner,Initiated Measure 29,,Yes,,1570,0,1570
Turner,President,,Kamala D. Harris and Tim Walz,DEM,1044,1140,-96
Turner,President,,"Robert F. Kennedy, Jr. and Nicole Shanahan",,0,85,-85
Turner,Public Utilities Commissioner,,Kristie Fiegen,REP,3473,3563,-90
Turner,Public Utilities Commissioner,,Wilson,DEM,0,691,-691
Turner,Referred Law 21,,No,,3068,0,3068
Turner,Referred Law 21,,Yes,,1362,0,1362
Turner,State House,16,Karla J Lems,REP,2471,4942,-2471
Turner,State House,16,Matthew Carl Ness,DEM,870,1740,-870
Turner,State House,16,Richard Vasgaard,REP,2734,5468,-2734
Turner,State House,19,Drew Peterson,REP,194,388,-194
Turner,State House,19,Jessica Bahmuller,REP,176,352,-176
Turner,State House,20,Jeff Bathke,REP,0,43,-43
Turner,State House,20,Kaley Nolz,REP,0,55,-55
Turner,State House,8,Greg Zimmerman,LIB,0,144,-144
Turner,State House,8,Tim Reisch,REP,0,1001,-1001
Turner,State House,8,Tim Walburg,REP,0,729,-729
Turner,State Senate,16,Kevin D. Jensen,REP,3135,0,3135
Turner,State Senate,19,Kevin D. Jensen,REP,0,6234,-6234
Turner,State Senate,19,Kyle Schoenfish,REP,209,418,-209
Turner,State Senate,19,Michael J. Miller,IND,102,204,-102
Turner,State Senate,20,Paul Miskimins,REP,0,52,-52
Turner,State Senate,8,Casey Crabtree,REP,0,837,-837
Turner,Supreme Court Retention,5,Yes,,3070,3130,-60
Turner,Supreme Court Retention: Shall Justice Scott P. Myren...,5,No,,0,165,-165
Turner,Supreme Court Retention: Shall Justice Scott P. Myren...,5,Yes,,0,770,-770
Turner,U.S. House,1,Dusty Johnson,REP,3688,3686,2
Union,Constitutional Amendment E,,No,,4917,4276,641
Union,Constitutional Amendment E,,Yes,,3773,3904,-131
Union,Constitutional Amendment F,,No,,3083,3288,-205
Union,Constitutional Amendment F,,Yes,,5582,4507,1075
Union,Constitutional Amendment G,,No,,5158,4425,733
Union,Constitutional Amendment G,,Yes,,3619,4144,-525
Union,Constitutional Amendment H,,No,,5343,4682,661
Union,Constitutional Amendment H,,Yes,,2962,2987,-25
Union,Initiated Measure 28,,No,,5298,5522,-224
Union,Initiated Measure 28,,Yes,,3280,3010,270
Union,President,,Chase Oliver and Mike ter Maat,LIB,56,75,-19
Union,President,,Donald J. Trump and JD Vance,REP,6160,10239,-4079
Union,President,,Kamala D. Harris and Tim Walz,DEM,2548,4343,-1795
Union,President,,"Robert F. Kennedy, Jr. and Nicole Shanahan",IND,112,185,-73
Union,Public Utilities Commissioner,,A. Gideon Oakes,LIB,380,371,9
Union,Public Utilities Commissioner,,Forrest Wilson,DEM,1918,2018,-100
Union,Referred Law 21,,No,,3901,3601,300
Union,State House,16,Karla J Lems,REP,1379,0,1379
Union,State House,16,Karla J. Lems,REP,0,4146,-4146
Union,State House,16,Karla Lems,REP,0,2433,-2433
Union,State House,16,Matthew Carl Ness,DEM,629,0,629
Union,State House,16,Matthew Ness,DEM,0,1894,-1894
Union,State House,16,Richard Vasgaard,REP,1388,4372,-2984
Union,State House,17,Chris Kassin,REP,3915,6912,-2997
Union,State House,17,Ray Ring,DEM,1529,2474,-945
Union,State House,17,William (Bill) Shorma,REP,3660,6231,-2571
Union,State Senate,16,Kevin D. Jensen,REP,1715,8764,-7049
Union,State Senate,17,Sydney Davis,REP,4702,13361,-8659
Union,Supreme Court Retention,5,No,,1373,1323,50
Union,Supreme Court Retention,5,Yes,,5855,5864,-9
Union,U.S. House,1,Dusty Johnson,REP,6650,6640,10
Walworth,Constitutional Amendment E,,No,,1602,3080,-1478
Walworth,Constitutional Amendment E,,Yes,,793,1551,-758
Walworth,Constitutional Amendment F,,No,,955,1835,-880
Walworth,Constitutional Amendment F,,Yes,,1457,2789,-1332
Walworth,Constitutional Amendment G,,No,,1787,3437,-1650
Walworth,Constitutional Amendment G,,Yes,,637,1240,-603
Walworth,Constitutional Amendment H,,No,,1753,3325,-1572
Walworth,Constitutional Amendment H,,Yes,,633,1239,-606
Walworth,President,,Chase Oliver and Mike Maat,LIB,0,15,-15
Walworth,President,,Chase Oliver and Mike ter Maat,LIB,16,15,1
Walworth,President,,Donald J. Trump and JD Vance,REP,1940,1970,-30
Walworth,President,,Kamala D. Harris and Tim Walz,DEM,481,509,-28
Walworth,President,,"Robert F. Kennedy, Jr. and Nicole Shanahan",IND,29,34,-5
Walworth,Referred Law 21,,Yes,,719,722,-3
Walworth,Supreme Court Retention,5,No,,307,578,-271
Walworth,Supreme Court Retention,5,Yes,,1891,3656,-1765
Yankton,Constitutional Amendment F,,No,,4926,4626,300
Yankton,President,,Chase Oliver and Mike Ter Maat,LIB,0,80,-80
Yankton,President,,Donald J. Trump and JD Vance,REP,6550,7019,-469
Yankton,President,,Kamala D. Harris and Tim Walz,DEM,3883,3982,-99
Yankton,President,,"Robert F. Kennedy, Jr. and Nicole Shanahan",IND,220,231,-11
Yankton,Public Utilities Commissioner,,Forrest Wilson,DEM,2282,2828,-546
Yankton,State Senate,18,Sarah Carad,DEM,0,4519,-4519
Yankton,State Senate,18,Sarah Carda,DEM,4519,0,4519
Yankton,State Senate,18,Sarah Cardal,DEM,0,4519,-4519
Ziebach,Constitutional Amendment G,,No,,423,421,2
Ziebach,Constitutional Amendment H,,No,,510,0,510
Ziebach,Constitutional Amendment H,,Yes,,263,247,16
Ziebach,County Commissioner At Large,,Bill Henderson,DEM,0,363,-363
Ziebach,County Commissioner At Large,,David E. Pesicka,IND,0,211,-211
Ziebach,County Commissioner At Large,,David Holmes,IND,0,208,-208
Ziebach,County Commissioner At Large,,Lane Dalton Eaton,IND,0,72,-72
Ziebach,County Commissioner At Large,,Lee Brooks,IND,0,212,-212
Ziebach,Initiated Measure 28,,No,,484,0,484
Ziebach,Initiated Measure 28,,Yes,,288,0,288
Ziebach,Initiated Measure 29,,No,,387,0,387
Ziebach,Initiated Measure 29,,Yes,,395,0,395
Ziebach,President,,Chase Oliver and Mike ter Maat,LIB,4,8,-4
Ziebach,President,,Donald J. Trump and JD Vance,REP,388,776,-388
Ziebach,President,,Kamala D. Harris and Tim Walz,DEM,366,732,-366
Ziebach,President,,"Robert F. Kennedy, Jr. and Nicole Shanahan",IND,23,0,23
Ziebach,President,,"Robert F. Kennedy, Jr. and Nicole Shanahan",,0,46,-46
Ziebach,Public Utilities Commissioner,,A. Gideon Oakes,LIB,48,90,-42
Ziebach,Public Utilities Commissioner,,Forrest C. Wilson,DEM,0,328,-328
Ziebach,Public Utilities Commissioner,,Kristie Fiegen,REP,363,643,-280
Ziebach,Referred Law 21,,No,,509,0,509
Ziebach,Referred Law 21,,Yes,,262,0,262
Ziebach,State Senate,28,Dean Schrempp,DEM,293,399,-106
Ziebach,State Senate,28,Sam Marty,REP,244,374,-130
Ziebach,State Senate,28,Shane C. Farlee,IND,247,385,-138
Ziebach,Supreme Court Retention,Fifth,No,,0,254,-254
Ziebach,Supreme Court Retention,Fifth,Yes,,0,454,-454