county,precinct,office,district,party,candidate,votes
Pennington,Precinct 1-1,US House,,Lbt,George Hendrickson,35
Pennington,Precinct 1-2,US House,,Lbt,George Hendrickson,28
Pennington,Precinct 1-3,US House,,Lbt,George Hendrickson,30
Pennington,Precinct 1-4,US House,,Lbt,George Hendrickson,9
Pennington,Precinct 2-1,US House,,Lbt,George Hendrickson,6
Pennington,Precinct 2-2,US House,,Lbt,George Hendrickson,1
Pennington,Precinct 2-3,US House,,Lbt,George Hendrickson,25
Pennington,Precinct 2-4,US House,,Lbt,George Hendrickson,53
Pennington,Precinct 2-5,US House,,Lbt,George Hendrickson,7
Pennington,Precinct 3-1,US House,,Lbt,George Hendrickson,12
Pennington,Precinct 3-2,US House,,Lbt,George Hendrickson,29
Pennington,Precinct 3-3,US House,,Lbt,George Hendrickson,11
Pennington,Precinct 3-4,US House,,Lbt,George Hendrickson,29
Pennington,Precinct 3-5,US House,,Lbt,George Hendrickson,1
Pennington,Precinct 4-1,US House,,Lbt,George Hendrickson,15
Pennington,Precinct 4-2,US House,,Lbt,George Hendrickson,26
Pennington,Precinct 4-3,US House,,Lbt,George Hendrickson,5
Pennington,Precinct 4-4,US House,,Lbt,George Hendrickson,22
Pennington,Precinct 4-5,US House,,Lbt,George Hendrickson,14
Pennington,Precinct 5-1,US House,,Lbt,George Hendrickson,11
Pennington,Precinct 5-2,US House,,Lbt,George Hendrickson,33
Pennington,Precinct 5-3,US House,,Lbt,George Hendrickson,22
Pennington,Precinct 5-4,US House,,Lbt,George Hendrickson,27
Pennington,Precinct 5-5,US House,,Lbt,George Hendrickson,3
Pennington,Precinct AW,US House,,Lbt,George Hendrickson,29
Pennington,Precinct BE,US House,,Lbt,George Hendrickson,26
Pennington,Precinct CA,US House,,Lbt,George Hendrickson,9
Pennington,Precinct CL,US House,,Lbt,George Hendrickson,9
Pennington,Precinct CR,US House,,Lbt,George Hendrickson,2
Pennington,Precinct DT,US House,,Lbt,George Hendrickson,16
Pennington,Precinct EL,US House,,Lbt,George Hendrickson,5
Pennington,Precinct HC,US House,,Lbt,George Hendrickson,35
Pennington,Precinct HR,US House,,Lbt,George Hendrickson,28
Pennington,Precinct JS,US House,,Lbt,George Hendrickson,12
Pennington,Precinct KY,US House,,Lbt,George Hendrickson,9
Pennington,Precinct NH,US House,,Lbt,George Hendrickson,3
Pennington,Precinct NU,US House,,Lbt,George Hendrickson,3
Pennington,Precinct QU,US House,,Lbt,George Hendrickson,0
Pennington,Precinct RV,US House,,Lbt,George Hendrickson,16
Pennington,Precinct VF,US House,,Lbt,George Hendrickson,32
Pennington,Precinct VV,US House,,Lbt,George Hendrickson,23
Pennington,Precinct WL,US House,,Lbt,George Hendrickson,3
Pennington,Precinct WP,US House,,Lbt,George Hendrickson,11
Pennington,Precinct WS,US House,,Lbt,George Hendrickson,3
Pennington,PENNINGTON SD,US House,,Lbt,George Hendrickson,728
Pennington,Precinct 1-1,US House,,Rep,Dusty Johnson,819
Pennington,Precinct 1-2,US House,,Rep,Dusty Johnson,"1,007"
Pennington,Precinct 1-3,US House,,Rep,Dusty Johnson,"1,450"
Pennington,Precinct 1-4,US House,,Rep,Dusty Johnson,558
Pennington,Precinct 2-1,US House,,Rep,Dusty Johnson,44
Pennington,Precinct 2-2,US House,,Rep,Dusty Johnson,26
Pennington,Precinct 2-3,US House,,Rep,Dusty Johnson,713
Pennington,Precinct 2-4,US House,,Rep,Dusty Johnson,922
Pennington,Precinct 2-5,US House,,Rep,Dusty Johnson,74
Pennington,Precinct 3-1,US House,,Rep,Dusty Johnson,367
Pennington,Precinct 3-2,US House,,Rep,Dusty Johnson,"1,911"
Pennington,Precinct 3-3,US House,,Rep,Dusty Johnson,530
Pennington,Precinct 3-4,US House,,Rep,Dusty Johnson,"1,495"
Pennington,Precinct 3-5,US House,,Rep,Dusty Johnson,199
Pennington,Precinct 4-1,US House,,Rep,Dusty Johnson,195
Pennington,Precinct 4-2,US House,,Rep,Dusty Johnson,531
Pennington,Precinct 4-3,US House,,Rep,Dusty Johnson,440
Pennington,Precinct 4-4,US House,,Rep,Dusty Johnson,386
Pennington,Precinct 4-5,US House,,Rep,Dusty Johnson,408
Pennington,Precinct 5-1,US House,,Rep,Dusty Johnson,246
Pennington,Precinct 5-2,US House,,Rep,Dusty Johnson,813
Pennington,Precinct 5-3,US House,,Rep,Dusty Johnson,"1,115"
Pennington,Precinct 5-4,US House,,Rep,Dusty Johnson,632
Pennington,Precinct 5-5,US House,,Rep,Dusty Johnson,214
Pennington,Precinct AW,US House,,Rep,Dusty Johnson,"1,243"
Pennington,Precinct BE,US House,,Rep,Dusty Johnson,700
Pennington,Precinct CA,US House,,Rep,Dusty Johnson,400
Pennington,Precinct CL,US House,,Rep,Dusty Johnson,276
Pennington,Precinct CR,US House,,Rep,Dusty Johnson,42
Pennington,Precinct DT,US House,,Rep,Dusty Johnson,635
Pennington,Precinct EL,US House,,Rep,Dusty Johnson,239
Pennington,Precinct HC,US House,,Rep,Dusty Johnson,706
Pennington,Precinct HR,US House,,Rep,Dusty Johnson,"1,152"
Pennington,Precinct JS,US House,,Rep,Dusty Johnson,812
Pennington,Precinct KY,US House,,Rep,Dusty Johnson,318
Pennington,Precinct NH,US House,,Rep,Dusty Johnson,146
Pennington,Precinct NU,US House,,Rep,Dusty Johnson,388
Pennington,Precinct QU,US House,,Rep,Dusty Johnson,172
Pennington,Precinct RV,US House,,Rep,Dusty Johnson,550
Pennington,Precinct VF,US House,,Rep,Dusty Johnson,873
Pennington,Precinct VV,US House,,Rep,Dusty Johnson,578
Pennington,Precinct WL,US House,,Rep,Dusty Johnson,272
Pennington,Precinct WP,US House,,Rep,Dusty Johnson,776
Pennington,Precinct WS,US House,,Rep,Dusty Johnson,60
Pennington,PENNINGTON SD,US House,,Rep,Dusty Johnson,"25,433"
Pennington,Precinct 1-1,US House,,Rep,Tim Bjorkman,424
Pennington,Precinct 1-2,US House,,Dem,Tim Bjorkman,606
Pennington,Precinct 1-3,US House,,Dem,Tim Bjorkman,736
Pennington,Precinct 1-4,US House,,Dem,Tim Bjorkman,284
Pennington,Precinct 2-1,US House,,Dem,Tim Bjorkman,40
Pennington,Precinct 2-2,US House,,Dem,Tim Bjorkman,24
Pennington,Precinct 2-3,US House,,Dem,Tim Bjorkman,420
Pennington,Precinct 2-4,US House,,Dem,Tim Bjorkman,837
Pennington,Precinct 2-5,US House,,Dem,Tim Bjorkman,82
Pennington,Precinct 3-1,US House,,Dem,Tim Bjorkman,218
Pennington,Precinct 3-2,US House,,Dem,Tim Bjorkman,809
Pennington,Precinct 3-3,US House,,Dem,Tim Bjorkman,303
Pennington,Precinct 3-4,US House,,Dem,Tim Bjorkman,995
Pennington,Precinct 3-5,US House,,Dem,Tim Bjorkman,111
Pennington,Precinct 4-1,US House,,Dem,Tim Bjorkman,154
Pennington,Precinct 4-2,US House,,Dem,Tim Bjorkman,409
Pennington,Precinct 4-3,US House,,Dem,Tim Bjorkman,302
Pennington,Precinct 4-4,US House,,Dem,Tim Bjorkman,404
Pennington,Precinct 4-5,US House,,Dem,Tim Bjorkman,258
Pennington,Precinct 5-1,US House,,Dem,Tim Bjorkman,183
Pennington,Precinct 5-2,US House,,Dem,Tim Bjorkman,631
Pennington,Precinct 5-3,US House,,Dem,Tim Bjorkman,717
Pennington,Precinct 5-4,US House,,Dem,Tim Bjorkman,736
Pennington,Precinct 5-5,US House,,Dem,Tim Bjorkman,139
Pennington,Precinct AW,US House,,Dem,Tim Bjorkman,729
Pennington,Precinct BE,US House,,Dem,Tim Bjorkman,298
Pennington,Precinct CA,US House,,Dem,Tim Bjorkman,79
Pennington,Precinct CL,US House,,Dem,Tim Bjorkman,128
Pennington,Precinct CR,US House,,Dem,Tim Bjorkman,4
Pennington,Precinct DT,US House,,Dem,Tim Bjorkman,222
Pennington,Precinct EL,US House,,Dem,Tim Bjorkman,145
Pennington,Precinct HC,US House,,Dem,Tim Bjorkman,326
Pennington,Precinct HR,US House,,Dem,Tim Bjorkman,340
Pennington,Precinct JS,US House,,Dem,Tim Bjorkman,347
Pennington,Precinct KY,US House,,Dem,Tim Bjorkman,149
Pennington,Precinct NH,US House,,Dem,Tim Bjorkman,63
Pennington,Precinct NU,US House,,Dem,Tim Bjorkman,97
Pennington,Precinct QU,US House,,Dem,Tim Bjorkman,22
Pennington,Precinct RV,US House,,Dem,Tim Bjorkman,271
Pennington,Precinct VF,US House,,Dem,Tim Bjorkman,387
Pennington,Precinct VV,US House,,Dem,Tim Bjorkman,262
Pennington,Precinct WL,US House,,Dem,Tim Bjorkman,63
Pennington,Precinct WP,US House,,Dem,Tim Bjorkman,331
Pennington,Precinct WS,US House,,Dem,Tim Bjorkman,7
Pennington,PENNINGTON SD,US House,,Dem,Tim Bjorkman,"14,092"
Pennington,Precinct 1-1,US House,,Ind,Ron Wieczorek,36
Pennington,Precinct 1-2,US House,,Ind,Ron Wieczorek,51
Pennington,Precinct 1-3,US House,,Ind,Ron Wieczorek,30
Pennington,Precinct 1-4,US House,,Ind,Ron Wieczorek,18
Pennington,Precinct 2-1,US House,,Ind,Ron Wieczorek,5
Pennington,Precinct 2-2,US House,,Ind,Ron Wieczorek,3
Pennington,Precinct 2-3,US House,,Ind,Ron Wieczorek,45
Pennington,Precinct 2-4,US House,,Ind,Ron Wieczorek,67
Pennington,Precinct 2-5,US House,,Ind,Ron Wieczorek,12
Pennington,Precinct 3-1,US House,,Ind,Ron Wieczorek,15
Pennington,Precinct 3-2,US House,,Ind,Ron Wieczorek,51
Pennington,Precinct 3-3,US House,,Ind,Ron Wieczorek,14
Pennington,Precinct 3-4,US House,,Ind,Ron Wieczorek,68
Pennington,Precinct 3-5,US House,,Ind,Ron Wieczorek,1
Pennington,Precinct 4-1,US House,,Ind,Ron Wieczorek,23
Pennington,Precinct 4-2,US House,,Ind,Ron Wieczorek,33
Pennington,Precinct 4-3,US House,,Ind,Ron Wieczorek,22
Pennington,Precinct 4-4,US House,,Ind,Ron Wieczorek,38
Pennington,Precinct 4-5,US House,,Ind,Ron Wieczorek,25
Pennington,Precinct 5-1,US House,,Ind,Ron Wieczorek,9
Pennington,Precinct 5-2,US House,,Ind,Ron Wieczorek,53
Pennington,Precinct 5-3,US House,,Ind,Ron Wieczorek,49
Pennington,Precinct 5-4,US House,,Ind,Ron Wieczorek,31
Pennington,Precinct 5-5,US House,,Ind,Ron Wieczorek,4
Pennington,Precinct AW,US House,,Ind,Ron Wieczorek,21
Pennington,Precinct BE,US House,,Ind,Ron Wieczorek,37
Pennington,Precinct CA,US House,,Ind,Ron Wieczorek,18
Pennington,Precinct CL,US House,,Ind,Ron Wieczorek,9
Pennington,Precinct CR,US House,,Ind,Ron Wieczorek,2
Pennington,Precinct DT,US House,,Ind,Ron Wieczorek,17
Pennington,Precinct EL,US House,,Ind,Ron Wieczorek,11
Pennington,Precinct HC,US House,,Ind,Ron Wieczorek,26
Pennington,Precinct HR,US House,,Ind,Ron Wieczorek,32
Pennington,Precinct JS,US House,,Ind,Ron Wieczorek,27
Pennington,Precinct KY,US House,,Ind,Ron Wieczorek,13
Pennington,Precinct NH,US House,,Ind,Ron Wieczorek,11
Pennington,Precinct NU,US House,,Ind,Ron Wieczorek,10
Pennington,Precinct QU,US House,,Ind,Ron Wieczorek,7
Pennington,Precinct RV,US House,,Ind,Ron Wieczorek,31
Pennington,Precinct VF,US House,,Ind,Ron Wieczorek,54
Pennington,Precinct VV,US House,,Ind,Ron Wieczorek,28
Pennington,Precinct WL,US House,,Ind,Ron Wieczorek,10
Pennington,Precinct WP,US House,,Ind,Ron Wieczorek,22
Pennington,Precinct WS,US House,,Ind,Ron Wieczorek,4
Pennington,PENNINGTON SD,US House,,Ind,Ron Wieczorek,"1,093"
Pennington,Precinct 1-1,Governor,,Lbt,Kurt Evans,23
Pennington,Precinct 1-2,Governor,,Lbt,Kurt Evans,27
Pennington,Precinct 1-3,Governor,,Lbt,Kurt Evans,30
Pennington,Precinct 1-4,Governor,,Lbt,Kurt Evans,17
Pennington,Precinct 2-1,Governor,,Lbt,Kurt Evans,3
Pennington,Precinct 2-2,Governor,,Lbt,Kurt Evans,2
Pennington,Precinct 2-3,Governor,,Lbt,Kurt Evans,30
Pennington,Precinct 2-4,Governor,,Lbt,Kurt Evans,49
Pennington,Precinct 2-5,Governor,,Lbt,Kurt Evans,7
Pennington,Precinct 3-1,Governor,,Lbt,Kurt Evans,15
Pennington,Precinct 3-2,Governor,,Lbt,Kurt Evans,34
Pennington,Precinct 3-3,Governor,,Lbt,Kurt Evans,9
Pennington,Precinct 3-4,Governor,,Lbt,Kurt Evans,28
Pennington,Precinct 3-5,Governor,,Lbt,Kurt Evans,1
Pennington,Precinct 4-1,Governor,,Lbt,Kurt Evans,13
Pennington,Precinct 4-2,Governor,,Lbt,Kurt Evans,24
Pennington,Precinct 4-3,Governor,,Lbt,Kurt Evans,7
Pennington,Precinct 4-4,Governor,,Lbt,Kurt Evans,28
Pennington,Precinct 4-5,Governor,,Lbt,Kurt Evans,8
Pennington,Precinct 5-1,Governor,,Lbt,Kurt Evans,8
Pennington,Precinct 5-2,Governor,,Lbt,Kurt Evans,28
Pennington,Precinct 5-3,Governor,,Lbt,Kurt Evans,26
Pennington,Precinct 5-4,Governor,,Lbt,Kurt Evans,13
Pennington,Precinct 5-5,Governor,,Lbt,Kurt Evans,3
Pennington,Precinct AW,Governor,,Lbt,Kurt Evans,25
Pennington,Precinct BE,Governor,,Lbt,Kurt Evans,24
Pennington,Precinct CA,Governor,,Lbt,Kurt Evans,10
Pennington,Precinct CL,Governor,,Lbt,Kurt Evans,7
Pennington,Precinct CR,Governor,,Lbt,Kurt Evans,2
Pennington,Precinct DT,Governor,,Lbt,Kurt Evans,17
Pennington,Precinct EL,Governor,,Lbt,Kurt Evans,7
Pennington,Precinct HC,Governor,,Lbt,Kurt Evans,30
Pennington,Precinct HR,Governor,,Lbt,Kurt Evans,25
Pennington,Precinct JS,Governor,,Lbt,Kurt Evans,22
Pennington,Precinct KY,Governor,,Lbt,Kurt Evans,11
Pennington,Precinct NH,Governor,,Lbt,Kurt Evans,4
Pennington,Precinct NU,Governor,,Lbt,Kurt Evans,5
Pennington,Precinct QU,Governor,,Lbt,Kurt Evans,3
Pennington,Precinct RV,Governor,,Lbt,Kurt Evans,18
Pennington,Precinct VF,Governor,,Lbt,Kurt Evans,40
Pennington,Precinct VV,Governor,,Lbt,Kurt Evans,24
Pennington,Precinct WL,Governor,,Lbt,Kurt Evans,13
Pennington,Precinct WP,Governor,,Lbt,Kurt Evans,15
Pennington,Precinct WS,Governor,,Lbt,Kurt Evans,3
Pennington,PENNINGTON SD,Governor,,Lbt,Kurt Evans,738
Pennington,Precinct 1-1,Governor,,Rep,Kristi Noem,749
Pennington,Precinct 1-2,Governor,,Rep,Kristi Noem,874
Pennington,Precinct 1-3,Governor,,Rep,Kristi Noem,"1,283"
Pennington,Precinct 1-4,Governor,,Rep,Kristi Noem,476
Pennington,Precinct 2-1,Governor,,Rep,Kristi Noem,47
Pennington,Precinct 2-2,Governor,,Rep,Kristi Noem,26
Pennington,Precinct 2-3,Governor,,Rep,Kristi Noem,641
Pennington,Precinct 2-4,Governor,,Rep,Kristi Noem,785
Pennington,Precinct 2-5,Governor,,Rep,Kristi Noem,67
Pennington,Precinct 3-1,Governor,,Rep,Kristi Noem,299
Pennington,Precinct 3-2,Governor,,Rep,Kristi Noem,"1,690"
Pennington,Precinct 3-3,Governor,,Rep,Kristi Noem,475
Pennington,Precinct 3-4,Governor,,Rep,Kristi Noem,"1,285"
Pennington,Precinct 3-5,Governor,,Rep,Kristi Noem,179
Pennington,Precinct 4-1,Governor,,Rep,Kristi Noem,185
Pennington,Precinct 4-2,Governor,,Rep,Kristi Noem,489
Pennington,Precinct 4-3,Governor,,Rep,Kristi Noem,389
Pennington,Precinct 4-4,Governor,,Rep,Kristi Noem,340
Pennington,Precinct 4-5,Governor,,Rep,Kristi Noem,369
Pennington,Precinct 5-1,Governor,,Rep,Kristi Noem,208
Pennington,Precinct 5-2,Governor,,Rep,Kristi Noem,738
Pennington,Precinct 5-3,Governor,,Rep,Kristi Noem,985
Pennington,Precinct 5-4,Governor,,Rep,Kristi Noem,519
Pennington,Precinct 5-5,Governor,,Rep,Kristi Noem,189
Pennington,Precinct AW,Governor,,Rep,Kristi Noem,"1,253"
Pennington,Precinct BE,Governor,,Rep,Kristi Noem,663
Pennington,Precinct CA,Governor,,Rep,Kristi Noem,368
Pennington,Precinct CL,Governor,,Rep,Kristi Noem,239
Pennington,Precinct CR,Governor,,Rep,Kristi Noem,37
Pennington,Precinct DT,Governor,,Rep,Kristi Noem,577
Pennington,Precinct EL,Governor,,Rep,Kristi Noem,227
Pennington,Precinct HC,Governor,,Rep,Kristi Noem,689
Pennington,Precinct HR,Governor,,Rep,Kristi Noem,"1,069"
Pennington,Precinct JS,Governor,,Rep,Kristi Noem,743
Pennington,Precinct KY,Governor,,Rep,Kristi Noem,304
Pennington,Precinct NH,Governor,,Rep,Kristi Noem,128
Pennington,Precinct NU,Governor,,Rep,Kristi Noem,356
Pennington,Precinct QU,Governor,,Rep,Kristi Noem,169
Pennington,Precinct RV,Governor,,Rep,Kristi Noem,490
Pennington,Precinct VF,Governor,,Rep,Kristi Noem,793
Pennington,Precinct VV,Governor,,Rep,Kristi Noem,539
Pennington,Precinct WL,Governor,,Rep,Kristi Noem,243
Pennington,Precinct WP,Governor,,Rep,Kristi Noem,718
Pennington,Precinct WS,Governor,,Rep,Kristi Noem,52
Pennington,PENNINGTON SD,Governor,,Rep,Kristi Noem,"22,944"
Pennington,Precinct 1-1,Governor,,Dem,Billie Sutton,554
Pennington,Precinct 1-2,Governor,,Dem,Billie Sutton,802
Pennington,Precinct 1-3,Governor,,Dem,Billie Sutton,970
Pennington,Precinct 1-4,Governor,,Dem,Billie Sutton,381
Pennington,Precinct 2-1,Governor,,Dem,Billie Sutton,49
Pennington,Precinct 2-2,Governor,,Dem,Billie Sutton,26
Pennington,Precinct 2-3,Governor,,Dem,Billie Sutton,543
Pennington,Precinct 2-4,Governor,,Dem,Billie Sutton,"1,055"
Pennington,Precinct 2-5,Governor,,Dem,Billie Sutton,103
Pennington,Precinct 3-1,Governor,,Dem,Billie Sutton,300
Pennington,Precinct 3-2,Governor,,Dem,Billie Sutton,"1,087"
Pennington,Precinct 3-3,Governor,,Dem,Billie Sutton,378
Pennington,Precinct 3-4,Governor,,Dem,Billie Sutton,"1,292"
Pennington,Precinct 3-5,Governor,,Dem,Billie Sutton,136
Pennington,Precinct 4-1,Governor,,Dem,Billie Sutton,192
Pennington,Precinct 4-2,Governor,,Dem,Billie Sutton,498
Pennington,Precinct 4-3,Governor,,Dem,Billie Sutton,385
Pennington,Precinct 4-4,Governor,,Dem,Billie Sutton,495
Pennington,Precinct 4-5,Governor,,Dem,Billie Sutton,335
Pennington,Precinct 5-1,Governor,,Dem,Billie Sutton,231
Pennington,Precinct 5-2,Governor,,Dem,Billie Sutton,780
Pennington,Precinct 5-3,Governor,,Dem,Billie Sutton,904
Pennington,Precinct 5-4,Governor,,Dem,Billie Sutton,904
Pennington,Precinct 5-5,Governor,,Dem,Billie Sutton,166
Pennington,Precinct AW,Governor,,Dem,Billie Sutton,744
Pennington,Precinct BE,Governor,,Dem,Billie Sutton,388
Pennington,Precinct CA,Governor,,Dem,Billie Sutton,136
Pennington,Precinct CL,Governor,,Dem,Billie Sutton,181
Pennington,Precinct CR,Governor,,Dem,Billie Sutton,12
Pennington,Precinct DT,Governor,,Dem,Billie Sutton,301
Pennington,Precinct EL,Governor,,Dem,Billie Sutton,167
Pennington,Precinct HC,Governor,,Dem,Billie Sutton,386
Pennington,Precinct HR,Governor,,Dem,Billie Sutton,466
Pennington,Precinct JS,Governor,,Dem,Billie Sutton,433
Pennington,Precinct KY,Governor,,Dem,Billie Sutton,179
Pennington,Precinct NH,Governor,,Dem,Billie Sutton,92
Pennington,Precinct NU,Governor,,Dem,Billie Sutton,141
Pennington,Precinct QU,Governor,,Dem,Billie Sutton,31
Pennington,Precinct RV,Governor,,Dem,Billie Sutton,371
Pennington,Precinct VF,Governor,,Dem,Billie Sutton,527
Pennington,Precinct VV,Governor,,Dem,Billie Sutton,339
Pennington,Precinct WL,Governor,,Dem,Billie Sutton,96
Pennington,Precinct WP,Governor,,Dem,Billie Sutton,413
Pennington,Precinct WS,Governor,,Dem,Billie Sutton,19
Pennington,PENNINGTON SD,Governor,,Dem,Billie Sutton,"17,988"
Pennington,Precinct 1-1,Secretary of State,,Rep,Steve Barnett,855
Pennington,Precinct 1-2,Secretary of State,,Rep,Steve Barnett,997
Pennington,Precinct 1-3,Secretary of State,,Rep,Steve Barnett,"1,460"
Pennington,Precinct 1-4,Secretary of State,,Rep,Steve Barnett,552
Pennington,Precinct 2-1,Secretary of State,,Rep,Steve Barnett,47
Pennington,Precinct 2-2,Secretary of State,,Rep,Steve Barnett,25
Pennington,Precinct 2-3,Secretary of State,,Rep,Steve Barnett,716
Pennington,Precinct 2-4,Secretary of State,,Rep,Steve Barnett,918
Pennington,Precinct 2-5,Secretary of State,,Rep,Steve Barnett,80
Pennington,Precinct 3-1,Secretary of State,,Rep,Steve Barnett,353
Pennington,Precinct 3-2,Secretary of State,,Rep,Steve Barnett,"1,944"
Pennington,Precinct 3-3,Secretary of State,,Rep,Steve Barnett,554
Pennington,Precinct 3-4,Secretary of State,,Rep,Steve Barnett,"1,537"
Pennington,Precinct 3-5,Secretary of State,,Rep,Steve Barnett,206
Pennington,Precinct 4-1,Secretary of State,,Rep,Steve Barnett,214
Pennington,Precinct 4-2,Secretary of State,,Rep,Steve Barnett,541
Pennington,Precinct 4-3,Secretary of State,,Rep,Steve Barnett,438
Pennington,Precinct 4-4,Secretary of State,,Rep,Steve Barnett,402
Pennington,Precinct 4-5,Secretary of State,,Rep,Steve Barnett,428
Pennington,Precinct 5-1,Secretary of State,,Rep,Steve Barnett,238
Pennington,Precinct 5-2,Secretary of State,,Rep,Steve Barnett,840
Pennington,Precinct 5-3,Secretary of State,,Rep,Steve Barnett,"1,153"
Pennington,Precinct 5-4,Secretary of State,,Rep,Steve Barnett,653
Pennington,Precinct 5-5,Secretary of State,,Rep,Steve Barnett,218
Pennington,Precinct AW,Secretary of State,,Rep,Steve Barnett,"1,266"
Pennington,Precinct BE,Secretary of State,,Rep,Steve Barnett,715
Pennington,Precinct CA,Secretary of State,,Rep,Steve Barnett,406
Pennington,Precinct CL,Secretary of State,,Rep,Steve Barnett,278
Pennington,Precinct CR,Secretary of State,,Rep,Steve Barnett,44
Pennington,Precinct DT,Secretary of State,,Rep,Steve Barnett,649
Pennington,Precinct EL,Secretary of State,,Rep,Steve Barnett,248
Pennington,Precinct HC,Secretary of State,,Rep,Steve Barnett,748
Pennington,Precinct HR,Secretary of State,,Rep,Steve Barnett,"1,176"
Pennington,Precinct JS,Secretary of State,,Rep,Steve Barnett,836
Pennington,Precinct KY,Secretary of State,,Rep,Steve Barnett,329
Pennington,Precinct NH,Secretary of State,,Rep,Steve Barnett,148
Pennington,Precinct NU,Secretary of State,,Rep,Steve Barnett,380
Pennington,Precinct QU,Secretary of State,,Rep,Steve Barnett,177
Pennington,Precinct RV,Secretary of State,,Rep,Steve Barnett,559
Pennington,Precinct VF,Secretary of State,,Rep,Steve Barnett,913
Pennington,Precinct VV,Secretary of State,,Rep,Steve Barnett,576
Pennington,Precinct WL,Secretary of State,,Rep,Steve Barnett,269
Pennington,Precinct WP,Secretary of State,,Rep,Steve Barnett,803
Pennington,Precinct WS,Secretary of State,,Rep,Steve Barnett,65
Pennington,PENNINGTON SD,Secretary of State,,Rep,Steve Barnett,"25,954"
Pennington,Precinct 1-1,Secretary of State,,Dem,Alexandra Frederick,414
Pennington,Precinct 1-2,Secretary of State,,Dem,Alexandra Frederick,625
Pennington,Precinct 1-3,Secretary of State,,Dem,Alexandra Frederick,704
Pennington,Precinct 1-4,Secretary of State,,Dem,Alexandra Frederick,270
Pennington,Precinct 2-1,Secretary of State,,Dem,Alexandra Frederick,42
Pennington,Precinct 2-2,Secretary of State,,Dem,Alexandra Frederick,27
Pennington,Precinct 2-3,Secretary of State,,Dem,Alexandra Frederick,452
Pennington,Precinct 2-4,Secretary of State,,Dem,Alexandra Frederick,893
Pennington,Precinct 2-5,Secretary of State,,Dem,Alexandra Frederick,89
Pennington,Precinct 3-1,Secretary of State,,Dem,Alexandra Frederick,223
Pennington,Precinct 3-2,Secretary of State,,Dem,Alexandra Frederick,751
Pennington,Precinct 3-3,Secretary of State,,Dem,Alexandra Frederick,282
Pennington,Precinct 3-4,Secretary of State,,Dem,Alexandra Frederick,975
Pennington,Precinct 3-5,Secretary of State,,Dem,Alexandra Frederick,96
Pennington,Precinct 4-1,Secretary of State,,Dem,Alexandra Frederick,165
Pennington,Precinct 4-2,Secretary of State,,Dem,Alexandra Frederick,428
Pennington,Precinct 4-3,Secretary of State,,Dem,Alexandra Frederick,321
Pennington,Precinct 4-4,Secretary of State,,Dem,Alexandra Frederick,435
Pennington,Precinct 4-5,Secretary of State,,Dem,Alexandra Frederick,258
Pennington,Precinct 5-1,Secretary of State,,Dem,Alexandra Frederick,195
Pennington,Precinct 5-2,Secretary of State,,Dem,Alexandra Frederick,631
Pennington,Precinct 5-3,Secretary of State,,Dem,Alexandra Frederick,691
Pennington,Precinct 5-4,Secretary of State,,Dem,Alexandra Frederick,734
Pennington,Precinct 5-5,Secretary of State,,Dem,Alexandra Frederick,131
Pennington,Precinct AW,Secretary of State,,Dem,Alexandra Frederick,723
Pennington,Precinct BE,Secretary of State,,Dem,Alexandra Frederick,319
Pennington,Precinct CA,Secretary of State,,Dem,Alexandra Frederick,85
Pennington,Precinct CL,Secretary of State,,Dem,Alexandra Frederick,134
Pennington,Precinct CR,Secretary of State,,Dem,Alexandra Frederick,5
Pennington,Precinct DT,Secretary of State,,Dem,Alexandra Frederick,223
Pennington,Precinct EL,Secretary of State,,Dem,Alexandra Frederick,137
Pennington,Precinct HC,Secretary of State,,Dem,Alexandra Frederick,326
Pennington,Precinct HR,Secretary of State,,Dem,Alexandra Frederick,347
Pennington,Precinct JS,Secretary of State,,Dem,Alexandra Frederick,343
Pennington,Precinct KY,Secretary of State,,Dem,Alexandra Frederick,146
Pennington,Precinct NH,Secretary of State,,Dem,Alexandra Frederick,72
Pennington,Precinct NU,Secretary of State,,Dem,Alexandra Frederick,101
Pennington,Precinct QU,Secretary of State,,Dem,Alexandra Frederick,17
Pennington,Precinct RV,Secretary of State,,Dem,Alexandra Frederick,285
Pennington,Precinct VF,Secretary of State,,Dem,Alexandra Frederick,398
Pennington,Precinct VV,Secretary of State,,Dem,Alexandra Frederick,292
Pennington,Precinct WL,Secretary of State,,Dem,Alexandra Frederick,69
Pennington,Precinct WP,Secretary of State,,Dem,Alexandra Frederick,313
Pennington,Precinct WS,Secretary of State,,Dem,Alexandra Frederick,8
Pennington,PENNINGTON SD,Secretary of State,,Dem,Alexandra Frederick,"14,175"
Pennington,Precinct 1-1,Attorney General,,Rep,Jason Ravnsborg,771
Pennington,Precinct 1-2,Attorney General,,Rep,Jason Ravnsborg,901
Pennington,Precinct 1-3,Attorney General,,Rep,Jason Ravnsborg,"1,276"
Pennington,Precinct 1-4,Attorney General,,Rep,Jason Ravnsborg,499
Pennington,Precinct 2-1,Attorney General,,Rep,Jason Ravnsborg,49
Pennington,Precinct 2-2,Attorney General,,Rep,Jason Ravnsborg,26
Pennington,Precinct 2-3,Attorney General,,Rep,Jason Ravnsborg,658
Pennington,Precinct 2-4,Attorney General,,Rep,Jason Ravnsborg,854
Pennington,Precinct 2-5,Attorney General,,Rep,Jason Ravnsborg,71
Pennington,Precinct 3-1,Attorney General,,Rep,Jason Ravnsborg,321
Pennington,Precinct 3-2,Attorney General,,Rep,Jason Ravnsborg,"1,708"
Pennington,Precinct 3-3,Attorney General,,Rep,Jason Ravnsborg,485
Pennington,Precinct 3-4,Attorney General,,Rep,Jason Ravnsborg,"1,326"
Pennington,Precinct 3-5,Attorney General,,Rep,Jason Ravnsborg,175
Pennington,Precinct 4-1,Attorney General,,Rep,Jason Ravnsborg,200
Pennington,Precinct 4-2,Attorney General,,Rep,Jason Ravnsborg,489
Pennington,Precinct 4-3,Attorney General,,Rep,Jason Ravnsborg,394
Pennington,Precinct 4-4,Attorney General,,Rep,Jason Ravnsborg,358
Pennington,Precinct 4-5,Attorney General,,Rep,Jason Ravnsborg,390
Pennington,Precinct 5-1,Attorney General,,Rep,Jason Ravnsborg,206
Pennington,Precinct 5-2,Attorney General,,Rep,Jason Ravnsborg,768
Pennington,Precinct 5-3,Attorney General,,Rep,Jason Ravnsborg,"1,034"
Pennington,Precinct 5-4,Attorney General,,Rep,Jason Ravnsborg,537
Pennington,Precinct 5-5,Attorney General,,Rep,Jason Ravnsborg,194
Pennington,Precinct AW,Attorney General,,Rep,Jason Ravnsborg,"1,250"
Pennington,Precinct BE,Attorney General,,Rep,Jason Ravnsborg,666
Pennington,Precinct CA,Attorney General,,Rep,Jason Ravnsborg,379
Pennington,Precinct CL,Attorney General,,Rep,Jason Ravnsborg,243
Pennington,Precinct CR,Attorney General,,Rep,Jason Ravnsborg,37
Pennington,Precinct DT,Attorney General,,Rep,Jason Ravnsborg,597
Pennington,Precinct EL,Attorney General,,Rep,Jason Ravnsborg,238
Pennington,Precinct HC,Attorney General,,Rep,Jason Ravnsborg,707
Pennington,Precinct HR,Attorney General,,Rep,Jason Ravnsborg,"1,088"
Pennington,Precinct JS,Attorney General,,Rep,Jason Ravnsborg,765
Pennington,Precinct KY,Attorney General,,Rep,Jason Ravnsborg,313
Pennington,Precinct NH,Attorney General,,Rep,Jason Ravnsborg,131
Pennington,Precinct NU,Attorney General,,Rep,Jason Ravnsborg,359
Pennington,Precinct QU,Attorney General,,Rep,Jason Ravnsborg,161
Pennington,Precinct RV,Attorney General,,Rep,Jason Ravnsborg,519
Pennington,Precinct VF,Attorney General,,Rep,Jason Ravnsborg,852
Pennington,Precinct VV,Attorney General,,Rep,Jason Ravnsborg,555
Pennington,Precinct WL,Attorney General,,Rep,Jason Ravnsborg,227
Pennington,Precinct WP,Attorney General,,Rep,Jason Ravnsborg,716
Pennington,Precinct WS,Attorney General,,Rep,Jason Ravnsborg,66
Pennington,PENNINGTON SD,Attorney General,,Rep,Jason Ravnsborg,"23,559"
Pennington,Precinct 1-1,Attorney General,,Dem,Randy Seiler,495
Pennington,Precinct 1-2,Attorney General,,Dem,Randy Seiler,722
Pennington,Precinct 1-3,Attorney General,,Dem,Randy Seiler,905
Pennington,Precinct 1-4,Attorney General,,Dem,Randy Seiler,334
Pennington,Precinct 2-1,Attorney General,,Dem,Randy Seiler,43
Pennington,Precinct 2-2,Attorney General,,Dem,Randy Seiler,24
Pennington,Precinct 2-3,Attorney General,,Dem,Randy Seiler,505
Pennington,Precinct 2-4,Attorney General,,Dem,Randy Seiler,957
Pennington,Precinct 2-5,Attorney General,,Dem,Randy Seiler,99
Pennington,Precinct 3-1,Attorney General,,Dem,Randy Seiler,263
Pennington,Precinct 3-2,Attorney General,,Dem,Randy Seiler,"1,012"
Pennington,Precinct 3-3,Attorney General,,Dem,Randy Seiler,358
Pennington,Precinct 3-4,Attorney General,,Dem,Randy Seiler,"1,197"
Pennington,Precinct 3-5,Attorney General,,Dem,Randy Seiler,128
Pennington,Precinct 4-1,Attorney General,,Dem,Randy Seiler,175
Pennington,Precinct 4-2,Attorney General,,Dem,Randy Seiler,483
Pennington,Precinct 4-3,Attorney General,,Dem,Randy Seiler,363
Pennington,Precinct 4-4,Attorney General,,Dem,Randy Seiler,470
Pennington,Precinct 4-5,Attorney General,,Dem,Randy Seiler,304
Pennington,Precinct 5-1,Attorney General,,Dem,Randy Seiler,226
Pennington,Precinct 5-2,Attorney General,,Dem,Randy Seiler,717
Pennington,Precinct 5-3,Attorney General,,Dem,Randy Seiler,808
Pennington,Precinct 5-4,Attorney General,,Dem,Randy Seiler,853
Pennington,Precinct 5-5,Attorney General,,Dem,Randy Seiler,156
Pennington,Precinct AW,Attorney General,,Dem,Randy Seiler,742
Pennington,Precinct BE,Attorney General,,Dem,Randy Seiler,362
Pennington,Precinct CA,Attorney General,,Dem,Randy Seiler,112
Pennington,Precinct CL,Attorney General,,Dem,Randy Seiler,170
Pennington,Precinct CR,Attorney General,,Dem,Randy Seiler,9
Pennington,Precinct DT,Attorney General,,Dem,Randy Seiler,276
Pennington,Precinct EL,Attorney General,,Dem,Randy Seiler,146
Pennington,Precinct HC,Attorney General,,Dem,Randy Seiler,364
Pennington,Precinct HR,Attorney General,,Dem,Randy Seiler,435
Pennington,Precinct JS,Attorney General,,Dem,Randy Seiler,411
Pennington,Precinct KY,Attorney General,,Dem,Randy Seiler,163
Pennington,Precinct NH,Attorney General,,Dem,Randy Seiler,87
Pennington,Precinct NU,Attorney General,,Dem,Randy Seiler,127
Pennington,Precinct QU,Attorney General,,Dem,Randy Seiler,35
Pennington,Precinct RV,Attorney General,,Dem,Randy Seiler,322
Pennington,Precinct VF,Attorney General,,Dem,Randy Seiler,452
Pennington,Precinct VV,Attorney General,,Dem,Randy Seiler,312
Pennington,Precinct WL,Attorney General,,Dem,Randy Seiler,107
Pennington,Precinct WP,Attorney General,,Dem,Randy Seiler,399
Pennington,Precinct WS,Attorney General,,Dem,Randy Seiler,7
Pennington,PENNINGTON SD,Attorney General,,Dem,Randy Seiler,"16,635"
Pennington,Precinct 1-1,State Auditor,,Rep,Rich Sattgast,848
Pennington,Precinct 1-2,State Auditor,,Rep,Rich Sattgast,992
Pennington,Precinct 1-3,State Auditor,,Rep,Rich Sattgast,"1,429"
Pennington,Precinct 1-4,State Auditor,,Rep,Rich Sattgast,556
Pennington,Precinct 2-1,State Auditor,,Rep,Rich Sattgast,48
Pennington,Precinct 2-2,State Auditor,,Rep,Rich Sattgast,27
Pennington,Precinct 2-3,State Auditor,,Rep,Rich Sattgast,697
Pennington,Precinct 2-4,State Auditor,,Rep,Rich Sattgast,921
Pennington,Precinct 2-5,State Auditor,,Rep,Rich Sattgast,76
Pennington,Precinct 3-1,State Auditor,,Rep,Rich Sattgast,348
Pennington,Precinct 3-2,State Auditor,,Rep,Rich Sattgast,"1,907"
Pennington,Precinct 3-3,State Auditor,,Rep,Rich Sattgast,537
Pennington,Precinct 3-4,State Auditor,,Rep,Rich Sattgast,"1,502"
Pennington,Precinct 3-5,State Auditor,,Rep,Rich Sattgast,197
Pennington,Precinct 4-1,State Auditor,,Rep,Rich Sattgast,210
Pennington,Precinct 4-2,State Auditor,,Rep,Rich Sattgast,525
Pennington,Precinct 4-3,State Auditor,,Rep,Rich Sattgast,427
Pennington,Precinct 4-4,State Auditor,,Rep,Rich Sattgast,389
Pennington,Precinct 4-5,State Auditor,,Rep,Rich Sattgast,414
Pennington,Precinct 5-1,State Auditor,,Rep,Rich Sattgast,239
Pennington,Precinct 5-2,State Auditor,,Rep,Rich Sattgast,826
Pennington,Precinct 5-3,State Auditor,,Rep,Rich Sattgast,"1,122"
Pennington,Precinct 5-4,State Auditor,,Rep,Rich Sattgast,643
Pennington,Precinct 5-5,State Auditor,,Rep,Rich Sattgast,211
Pennington,Precinct AW,State Auditor,,Rep,Rich Sattgast,"1,257"
Pennington,Precinct BE,State Auditor,,Rep,Rich Sattgast,680
Pennington,Precinct CA,State Auditor,,Rep,Rich Sattgast,397
Pennington,Precinct CL,State Auditor,,Rep,Rich Sattgast,259
Pennington,Precinct CR,State Auditor,,Rep,Rich Sattgast,41
Pennington,Precinct DT,State Auditor,,Rep,Rich Sattgast,644
Pennington,Precinct EL,State Auditor,,Rep,Rich Sattgast,244
Pennington,Precinct HC,State Auditor,,Rep,Rich Sattgast,728
Pennington,Precinct HR,State Auditor,,Rep,Rich Sattgast,"1,166"
Pennington,Precinct JS,State Auditor,,Rep,Rich Sattgast,814
Pennington,Precinct KY,State Auditor,,Rep,Rich Sattgast,320
Pennington,Precinct NH,State Auditor,,Rep,Rich Sattgast,142
Pennington,Precinct NU,State Auditor,,Rep,Rich Sattgast,375
Pennington,Precinct QU,State Auditor,,Rep,Rich Sattgast,175
Pennington,Precinct RV,State Auditor,,Rep,Rich Sattgast,542
Pennington,Precinct VF,State Auditor,,Rep,Rich Sattgast,897
Pennington,Precinct VV,State Auditor,,Rep,Rich Sattgast,573
Pennington,Precinct WL,State Auditor,,Rep,Rich Sattgast,262
Pennington,Precinct WP,State Auditor,,Rep,Rich Sattgast,782
Pennington,Precinct WS,State Auditor,,Rep,Rich Sattgast,65
Pennington,PENNINGTON SD,State Auditor,,Rep,Rich Sattgast,"25,454"
Pennington,Precinct 1-1,State Auditor,,Dem,Tom Cool,387
Pennington,Precinct 1-2,State Auditor,,Dem,Tom Cool,604
Pennington,Precinct 1-3,State Auditor,,Dem,Tom Cool,697
Pennington,Precinct 1-4,State Auditor,,Dem,Tom Cool,252
Pennington,Precinct 2-1,State Auditor,,Dem,Tom Cool,42
Pennington,Precinct 2-2,State Auditor,,Dem,Tom Cool,23
Pennington,Precinct 2-3,State Auditor,,Dem,Tom Cool,439
Pennington,Precinct 2-4,State Auditor,,Dem,Tom Cool,859
Pennington,Precinct 2-5,State Auditor,,Dem,Tom Cool,91
Pennington,Precinct 3-1,State Auditor,,Dem,Tom Cool,219
Pennington,Precinct 3-2,State Auditor,,Dem,Tom Cool,720
Pennington,Precinct 3-3,State Auditor,,Dem,Tom Cool,275
Pennington,Precinct 3-4,State Auditor,,Dem,Tom Cool,937
Pennington,Precinct 3-5,State Auditor,,Dem,Tom Cool,95
Pennington,Precinct 4-1,State Auditor,,Dem,Tom Cool,158
Pennington,Precinct 4-2,State Auditor,,Dem,Tom Cool,427
Pennington,Precinct 4-3,State Auditor,,Dem,Tom Cool,314
Pennington,Precinct 4-4,State Auditor,,Dem,Tom Cool,431
Pennington,Precinct 4-5,State Auditor,,Dem,Tom Cool,248
Pennington,Precinct 5-1,State Auditor,,Dem,Tom Cool,183
Pennington,Precinct 5-2,State Auditor,,Dem,Tom Cool,617
Pennington,Precinct 5-3,State Auditor,,Dem,Tom Cool,660
Pennington,Precinct 5-4,State Auditor,,Dem,Tom Cool,704
Pennington,Precinct 5-5,State Auditor,,Dem,Tom Cool,128
Pennington,Precinct AW,State Auditor,,Dem,Tom Cool,705
Pennington,Precinct BE,State Auditor,,Dem,Tom Cool,314
Pennington,Precinct CA,State Auditor,,Dem,Tom Cool,84
Pennington,Precinct CL,State Auditor,,Dem,Tom Cool,138
Pennington,Precinct CR,State Auditor,,Dem,Tom Cool,5
Pennington,Precinct DT,State Auditor,,Dem,Tom Cool,214
Pennington,Precinct EL,State Auditor,,Dem,Tom Cool,136
Pennington,Precinct HC,State Auditor,,Dem,Tom Cool,320
Pennington,Precinct HR,State Auditor,,Dem,Tom Cool,328
Pennington,Precinct JS,State Auditor,,Dem,Tom Cool,340
Pennington,Precinct KY,State Auditor,,Dem,Tom Cool,146
Pennington,Precinct NH,State Auditor,,Dem,Tom Cool,73
Pennington,Precinct NU,State Auditor,,Dem,Tom Cool,97
Pennington,Precinct QU,State Auditor,,Dem,Tom Cool,16
Pennington,Precinct RV,State Auditor,,Dem,Tom Cool,278
Pennington,Precinct VF,State Auditor,,Dem,Tom Cool,381
Pennington,Precinct VV,State Auditor,,Dem,Tom Cool,279
Pennington,Precinct WL,State Auditor,,Dem,Tom Cool,60
Pennington,Precinct WP,State Auditor,,Dem,Tom Cool,306
Pennington,Precinct WS,State Auditor,,Dem,Tom Cool,8
Pennington,PENNINGTON SD,State Auditor,,Dem,Tom Cool,"13,738"
Pennington,Precinct 1-1,State Treasurer,,Rep,Josh Haeder,839
Pennington,Precinct 1-2,State Treasurer,,Rep,Josh Haeder,978
Pennington,Precinct 1-3,State Treasurer,,Rep,Josh Haeder,"1,402"
Pennington,Precinct 1-4,State Treasurer,,Rep,Josh Haeder,536
Pennington,Precinct 2-1,State Treasurer,,Rep,Josh Haeder,48
Pennington,Precinct 2-2,State Treasurer,,Rep,Josh Haeder,26
Pennington,Precinct 2-3,State Treasurer,,Rep,Josh Haeder,685
Pennington,Precinct 2-4,State Treasurer,,Rep,Josh Haeder,913
Pennington,Precinct 2-5,State Treasurer,,Rep,Josh Haeder,75
Pennington,Precinct 3-1,State Treasurer,,Rep,Josh Haeder,340
Pennington,Precinct 3-2,State Treasurer,,Rep,Josh Haeder,"1,895"
Pennington,Precinct 3-3,State Treasurer,,Rep,Josh Haeder,533
Pennington,Precinct 3-4,State Treasurer,,Rep,Josh Haeder,"1,498"
Pennington,Precinct 3-5,State Treasurer,,Rep,Josh Haeder,201
Pennington,Precinct 4-1,State Treasurer,,Rep,Josh Haeder,207
Pennington,Precinct 4-2,State Treasurer,,Rep,Josh Haeder,529
Pennington,Precinct 4-3,State Treasurer,,Rep,Josh Haeder,426
Pennington,Precinct 4-4,State Treasurer,,Rep,Josh Haeder,390
Pennington,Precinct 4-5,State Treasurer,,Rep,Josh Haeder,411
Pennington,Precinct 5-1,State Treasurer,,Rep,Josh Haeder,241
Pennington,Precinct 5-2,State Treasurer,,Rep,Josh Haeder,815
Pennington,Precinct 5-3,State Treasurer,,Rep,Josh Haeder,"1,107"
Pennington,Precinct 5-4,State Treasurer,,Rep,Josh Haeder,628
Pennington,Precinct 5-5,State Treasurer,,Rep,Josh Haeder,215
Pennington,Precinct AW,State Treasurer,,Rep,Josh Haeder,"1,259"
Pennington,Precinct BE,State Treasurer,,Rep,Josh Haeder,678
Pennington,Precinct CA,State Treasurer,,Rep,Josh Haeder,385
Pennington,Precinct CL,State Treasurer,,Rep,Josh Haeder,271
Pennington,Precinct CR,State Treasurer,,Rep,Josh Haeder,40
Pennington,Precinct DT,State Treasurer,,Rep,Josh Haeder,640
Pennington,Precinct EL,State Treasurer,,Rep,Josh Haeder,240
Pennington,Precinct HC,State Treasurer,,Rep,Josh Haeder,729
Pennington,Precinct HR,State Treasurer,,Rep,Josh Haeder,"1,162"
Pennington,Precinct JS,State Treasurer,,Rep,Josh Haeder,820
Pennington,Precinct KY,State Treasurer,,Rep,Josh Haeder,315
Pennington,Precinct NH,State Treasurer,,Rep,Josh Haeder,146
Pennington,Precinct NU,State Treasurer,,Rep,Josh Haeder,369
Pennington,Precinct QU,State Treasurer,,Rep,Josh Haeder,168
Pennington,Precinct RV,State Treasurer,,Rep,Josh Haeder,537
Pennington,Precinct VF,State Treasurer,,Rep,Josh Haeder,874
Pennington,Precinct VV,State Treasurer,,Rep,Josh Haeder,564
Pennington,Precinct WL,State Treasurer,,Rep,Josh Haeder,262
Pennington,Precinct WP,State Treasurer,,Rep,Josh Haeder,771
Pennington,Precinct WS,State Treasurer,,Rep,Josh Haeder,62
Pennington,PENNINGTON SD,State Treasurer,,Rep,Josh Haeder,"25,230"
Pennington,Precinct 1-1,State Treasurer,,Dem,Aaron  Matson,402
Pennington,Precinct 1-2,State Treasurer,,Dem,Aaron  Matson,611
Pennington,Precinct 1-3,State Treasurer,,Dem,Aaron  Matson,722
Pennington,Precinct 1-4,State Treasurer,,Dem,Aaron  Matson,262
Pennington,Precinct 2-1,State Treasurer,,Dem,Aaron  Matson,44
Pennington,Precinct 2-2,State Treasurer,,Dem,Aaron  Matson,23
Pennington,Precinct 2-3,State Treasurer,,Dem,Aaron  Matson,448
Pennington,Precinct 2-4,State Treasurer,,Dem,Aaron  Matson,863
Pennington,Precinct 2-5,State Treasurer,,Dem,Aaron  Matson,89
Pennington,Precinct 3-1,State Treasurer,,Dem,Aaron  Matson,217
Pennington,Precinct 3-2,State Treasurer,,Dem,Aaron  Matson,734
Pennington,Precinct 3-3,State Treasurer,,Dem,Aaron  Matson,280
Pennington,Precinct 3-4,State Treasurer,,Dem,Aaron  Matson,934
Pennington,Precinct 3-5,State Treasurer,,Dem,Aaron  Matson,92
Pennington,Precinct 4-1,State Treasurer,,Dem,Aaron  Matson,155
Pennington,Precinct 4-2,State Treasurer,,Dem,Aaron  Matson,427
Pennington,Precinct 4-3,State Treasurer,,Dem,Aaron  Matson,313
Pennington,Precinct 4-4,State Treasurer,,Dem,Aaron  Matson,426
Pennington,Precinct 4-5,State Treasurer,,Dem,Aaron  Matson,257
Pennington,Precinct 5-1,State Treasurer,,Dem,Aaron  Matson,182
Pennington,Precinct 5-2,State Treasurer,,Dem,Aaron  Matson,628
Pennington,Precinct 5-3,State Treasurer,,Dem,Aaron  Matson,669
Pennington,Precinct 5-4,State Treasurer,,Dem,Aaron  Matson,718
Pennington,Precinct 5-5,State Treasurer,,Dem,Aaron  Matson,125
Pennington,Precinct AW,State Treasurer,,Dem,Aaron  Matson,705
Pennington,Precinct BE,State Treasurer,,Dem,Aaron  Matson,313
Pennington,Precinct CA,State Treasurer,,Dem,Aaron  Matson,92
Pennington,Precinct CL,State Treasurer,,Dem,Aaron  Matson,127
Pennington,Precinct CR,State Treasurer,,Dem,Aaron  Matson,7
Pennington,Precinct DT,State Treasurer,,Dem,Aaron  Matson,218
Pennington,Precinct EL,State Treasurer,,Dem,Aaron  Matson,138
Pennington,Precinct HC,State Treasurer,,Dem,Aaron  Matson,323
Pennington,Precinct HR,State Treasurer,,Dem,Aaron  Matson,334
Pennington,Precinct JS,State Treasurer,,Dem,Aaron  Matson,327
Pennington,Precinct KY,State Treasurer,,Dem,Aaron  Matson,145
Pennington,Precinct NH,State Treasurer,,Dem,Aaron  Matson,66
Pennington,Precinct NU,State Treasurer,,Dem,Aaron  Matson,104
Pennington,Precinct QU,State Treasurer,,Dem,Aaron  Matson,20
Pennington,Precinct RV,State Treasurer,,Dem,Aaron  Matson,284
Pennington,Precinct VF,State Treasurer,,Dem,Aaron  Matson,397
Pennington,Precinct VV,State Treasurer,,Dem,Aaron  Matson,278
Pennington,Precinct WL,State Treasurer,,Dem,Aaron  Matson,68
Pennington,Precinct WP,State Treasurer,,Dem,Aaron  Matson,315
Pennington,Precinct WS,State Treasurer,,Dem,Aaron  Matson,9
Pennington,PENNINGTON SD,State Treasurer,,Dem,Aaron  Matson,"13,891"
Pennington,Precinct 1-1,School and Lands,,Rep,Ryan Brunner,815
Pennington,Precinct 1-2,School and Lands,,Rep,Ryan Brunner,939
Pennington,Precinct 1-3,School and Lands,,Rep,Ryan Brunner,"1,393"
Pennington,Precinct 1-4,School and Lands,,Rep,Ryan Brunner,535
Pennington,Precinct 2-1,School and Lands,,Rep,Ryan Brunner,46
Pennington,Precinct 2-2,School and Lands,,Rep,Ryan Brunner,29
Pennington,Precinct 2-3,School and Lands,,Rep,Ryan Brunner,688
Pennington,Precinct 2-4,School and Lands,,Rep,Ryan Brunner,880
Pennington,Precinct 2-5,School and Lands,,Rep,Ryan Brunner,77
Pennington,Precinct 3-1,School and Lands,,Rep,Ryan Brunner,344
Pennington,Precinct 3-2,School and Lands,,Rep,Ryan Brunner,"1,835"
Pennington,Precinct 3-3,School and Lands,,Rep,Ryan Brunner,511
Pennington,Precinct 3-4,School and Lands,,Rep,Ryan Brunner,"1,445"
Pennington,Precinct 3-5,School and Lands,,Rep,Ryan Brunner,194
Pennington,Precinct 4-1,School and Lands,,Rep,Ryan Brunner,195
Pennington,Precinct 4-2,School and Lands,,Rep,Ryan Brunner,512
Pennington,Precinct 4-3,School and Lands,,Rep,Ryan Brunner,429
Pennington,Precinct 4-4,School and Lands,,Rep,Ryan Brunner,370
Pennington,Precinct 4-5,School and Lands,,Rep,Ryan Brunner,403
Pennington,Precinct 5-1,School and Lands,,Rep,Ryan Brunner,240
Pennington,Precinct 5-2,School and Lands,,Rep,Ryan Brunner,808
Pennington,Precinct 5-3,School and Lands,,Rep,Ryan Brunner,"1,100"
Pennington,Precinct 5-4,School and Lands,,Rep,Ryan Brunner,601
Pennington,Precinct 5-5,School and Lands,,Rep,Ryan Brunner,218
Pennington,Precinct AW,School and Lands,,Rep,Ryan Brunner,"1,229"
Pennington,Precinct BE,School and Lands,,Rep,Ryan Brunner,670
Pennington,Precinct CA,School and Lands,,Rep,Ryan Brunner,407
Pennington,Precinct CL,School and Lands,,Rep,Ryan Brunner,266
Pennington,Precinct CR,School and Lands,,Rep,Ryan Brunner,39
Pennington,Precinct DT,School and Lands,,Rep,Ryan Brunner,630
Pennington,Precinct EL,School and Lands,,Rep,Ryan Brunner,239
Pennington,Precinct HC,School and Lands,,Rep,Ryan Brunner,723
Pennington,Precinct HR,School and Lands,,Rep,Ryan Brunner,"1,150"
Pennington,Precinct JS,School and Lands,,Rep,Ryan Brunner,790
Pennington,Precinct KY,School and Lands,,Rep,Ryan Brunner,316
Pennington,Precinct NH,School and Lands,,Rep,Ryan Brunner,144
Pennington,Precinct NU,School and Lands,,Rep,Ryan Brunner,379
Pennington,Precinct QU,School and Lands,,Rep,Ryan Brunner,167
Pennington,Precinct RV,School and Lands,,Rep,Ryan Brunner,526
Pennington,Precinct VF,School and Lands,,Rep,Ryan Brunner,877
Pennington,Precinct VV,School and Lands,,Rep,Ryan Brunner,562
Pennington,Precinct WL,School and Lands,,Rep,Ryan Brunner,263
Pennington,Precinct WP,School and Lands,,Rep,Ryan Brunner,764
Pennington,Precinct WS,School and Lands,,Rep,Ryan Brunner,64
Pennington,PENNINGTON SD,School and Lands,,Rep,Ryan Brunner,"24,812"
Pennington,Precinct 1-1,School and Lands,,Dem,Woody Houser,405
Pennington,Precinct 1-2,School and Lands,,Dem,Woody Houser,619
Pennington,Precinct 1-3,School and Lands,,Dem,Woody Houser,696
Pennington,Precinct 1-4,School and Lands,,Dem,Woody Houser,259
Pennington,Precinct 2-1,School and Lands,,Dem,Woody Houser,43
Pennington,Precinct 2-2,School and Lands,,Dem,Woody Houser,22
Pennington,Precinct 2-3,School and Lands,,Dem,Woody Houser,434
Pennington,Precinct 2-4,School and Lands,,Dem,Woody Houser,879
Pennington,Precinct 2-5,School and Lands,,Dem,Woody Houser,88
Pennington,Precinct 3-1,School and Lands,,Dem,Woody Houser,205
Pennington,Precinct 3-2,School and Lands,,Dem,Woody Houser,739
Pennington,Precinct 3-3,School and Lands,,Dem,Woody Houser,291
Pennington,Precinct 3-4,School and Lands,,Dem,Woody Houser,967
Pennington,Precinct 3-5,School and Lands,,Dem,Woody Houser,95
Pennington,Precinct 4-1,School and Lands,,Dem,Woody Houser,169
Pennington,Precinct 4-2,School and Lands,,Dem,Woody Houser,438
Pennington,Precinct 4-3,School and Lands,,Dem,Woody Houser,307
Pennington,Precinct 4-4,School and Lands,,Dem,Woody Houser,443
Pennington,Precinct 4-5,School and Lands,,Dem,Woody Houser,253
Pennington,Precinct 5-1,School and Lands,,Dem,Woody Houser,182
Pennington,Precinct 5-2,School and Lands,,Dem,Woody Houser,623
Pennington,Precinct 5-3,School and Lands,,Dem,Woody Houser,666
Pennington,Precinct 5-4,School and Lands,,Dem,Woody Houser,734
Pennington,Precinct 5-5,School and Lands,,Dem,Woody Houser,116
Pennington,Precinct AW,School and Lands,,Dem,Woody Houser,693
Pennington,Precinct BE,School and Lands,,Dem,Woody Houser,324
Pennington,Precinct CA,School and Lands,,Dem,Woody Houser,77
Pennington,Precinct CL,School and Lands,,Dem,Woody Houser,132
Pennington,Precinct CR,School and Lands,,Dem,Woody Houser,9
Pennington,Precinct DT,School and Lands,,Dem,Woody Houser,220
Pennington,Precinct EL,School and Lands,,Dem,Woody Houser,135
Pennington,Precinct HC,School and Lands,,Dem,Woody Houser,317
Pennington,Precinct HR,School and Lands,,Dem,Woody Houser,333
Pennington,Precinct JS,School and Lands,,Dem,Woody Houser,342
Pennington,Precinct KY,School and Lands,,Dem,Woody Houser,142
Pennington,Precinct NH,School and Lands,,Dem,Woody Houser,72
Pennington,Precinct NU,School and Lands,,Dem,Woody Houser,96
Pennington,Precinct QU,School and Lands,,Dem,Woody Houser,24
Pennington,Precinct RV,School and Lands,,Dem,Woody Houser,290
Pennington,Precinct VF,School and Lands,,Dem,Woody Houser,397
Pennington,Precinct VV,School and Lands,,Dem,Woody Houser,284
Pennington,Precinct WL,School and Lands,,Dem,Woody Houser,62
Pennington,Precinct WP,School and Lands,,Dem,Woody Houser,320
Pennington,Precinct WS,School and Lands,,Dem,Woody Houser,8
Pennington,PENNINGTON SD,School and Lands,,Dem,Woody Houser,"13,950"
Pennington,Precinct 1-1,Public Utilities Commissioner,,Rep,Kristie Fiegen,839
Pennington,Precinct 1-2,Public Utilities Commissioner,,Rep,Kristie Fiegen,978
Pennington,Precinct 1-3,Public Utilities Commissioner,,Rep,Kristie Fiegen,"1,418"
Pennington,Precinct 1-4,Public Utilities Commissioner,,Rep,Kristie Fiegen,548
Pennington,Precinct 2-1,Public Utilities Commissioner,,Rep,Kristie Fiegen,49
Pennington,Precinct 2-2,Public Utilities Commissioner,,Rep,Kristie Fiegen,27
Pennington,Precinct 2-3,Public Utilities Commissioner,,Rep,Kristie Fiegen,704
Pennington,Precinct 2-4,Public Utilities Commissioner,,Rep,Kristie Fiegen,919
Pennington,Precinct 2-5,Public Utilities Commissioner,,Rep,Kristie Fiegen,76
Pennington,Precinct 3-1,Public Utilities Commissioner,,Rep,Kristie Fiegen,354
Pennington,Precinct 3-2,Public Utilities Commissioner,,Rep,Kristie Fiegen,"1,892"
Pennington,Precinct 3-3,Public Utilities Commissioner,,Rep,Kristie Fiegen,540
Pennington,Precinct 3-4,Public Utilities Commissioner,,Rep,Kristie Fiegen,"1,478"
Pennington,Precinct 3-5,Public Utilities Commissioner,,Rep,Kristie Fiegen,196
Pennington,Precinct 4-1,Public Utilities Commissioner,,Rep,Kristie Fiegen,205
Pennington,Precinct 4-2,Public Utilities Commissioner,,Rep,Kristie Fiegen,533
Pennington,Precinct 4-3,Public Utilities Commissioner,,Rep,Kristie Fiegen,438
Pennington,Precinct 4-4,Public Utilities Commissioner,,Rep,Kristie Fiegen,377
Pennington,Precinct 4-5,Public Utilities Commissioner,,Rep,Kristie Fiegen,425
Pennington,Precinct 5-1,Public Utilities Commissioner,,Rep,Kristie Fiegen,255
Pennington,Precinct 5-2,Public Utilities Commissioner,,Rep,Kristie Fiegen,820
Pennington,Precinct 5-3,Public Utilities Commissioner,,Rep,Kristie Fiegen,"1,119"
Pennington,Precinct 5-4,Public Utilities Commissioner,,Rep,Kristie Fiegen,628
Pennington,Precinct 5-5,Public Utilities Commissioner,,Rep,Kristie Fiegen,216
Pennington,Precinct AW,Public Utilities Commissioner,,Rep,Kristie Fiegen,"1,237"
Pennington,Precinct BE,Public Utilities Commissioner,,Rep,Kristie Fiegen,688
Pennington,Precinct CA,Public Utilities Commissioner,,Rep,Kristie Fiegen,393
Pennington,Precinct CL,Public Utilities Commissioner,,Rep,Kristie Fiegen,273
Pennington,Precinct CR,Public Utilities Commissioner,,Rep,Kristie Fiegen,40
Pennington,Precinct DT,Public Utilities Commissioner,,Rep,Kristie Fiegen,633
Pennington,Precinct EL,Public Utilities Commissioner,,Rep,Kristie Fiegen,243
Pennington,Precinct HC,Public Utilities Commissioner,,Rep,Kristie Fiegen,730
Pennington,Precinct HR,Public Utilities Commissioner,,Rep,Kristie Fiegen,"1,161"
Pennington,Precinct JS,Public Utilities Commissioner,,Rep,Kristie Fiegen,806
Pennington,Precinct KY,Public Utilities Commissioner,,Rep,Kristie Fiegen,321
Pennington,Precinct NH,Public Utilities Commissioner,,Rep,Kristie Fiegen,142
Pennington,Precinct NU,Public Utilities Commissioner,,Rep,Kristie Fiegen,382
Pennington,Precinct QU,Public Utilities Commissioner,,Rep,Kristie Fiegen,171
Pennington,Precinct RV,Public Utilities Commissioner,,Rep,Kristie Fiegen,547
Pennington,Precinct VF,Public Utilities Commissioner,,Rep,Kristie Fiegen,894
Pennington,Precinct VV,Public Utilities Commissioner,,Rep,Kristie Fiegen,577
Pennington,Precinct WL,Public Utilities Commissioner,,Rep,Kristie Fiegen,259
Pennington,Precinct WP,Public Utilities Commissioner,,Rep,Kristie Fiegen,782
Pennington,Precinct WS,Public Utilities Commissioner,,Rep,Kristie Fiegen,61
Pennington,PENNINGTON SD,Public Utilities Commissioner,,Rep,Kristie Fiegen,"25,374"
Pennington,Precinct 1-1,Public Utilities Commissioner,,Dem,Wayne Frederick,388
Pennington,Precinct 1-2,Public Utilities Commissioner,,Dem,Wayne Frederick,592
Pennington,Precinct 1-3,Public Utilities Commissioner,,Dem,Wayne Frederick,680
Pennington,Precinct 1-4,Public Utilities Commissioner,,Dem,Wayne Frederick,252
Pennington,Precinct 2-1,Public Utilities Commissioner,,Dem,Wayne Frederick,42
Pennington,Precinct 2-2,Public Utilities Commissioner,,Dem,Wayne Frederick,25
Pennington,Precinct 2-3,Public Utilities Commissioner,,Dem,Wayne Frederick,429
Pennington,Precinct 2-4,Public Utilities Commissioner,,Dem,Wayne Frederick,848
Pennington,Precinct 2-5,Public Utilities Commissioner,,Dem,Wayne Frederick,87
Pennington,Precinct 3-1,Public Utilities Commissioner,,Dem,Wayne Frederick,203
Pennington,Precinct 3-2,Public Utilities Commissioner,,Dem,Wayne Frederick,713
Pennington,Precinct 3-3,Public Utilities Commissioner,,Dem,Wayne Frederick,272
Pennington,Precinct 3-4,Public Utilities Commissioner,,Dem,Wayne Frederick,945
Pennington,Precinct 3-5,Public Utilities Commissioner,,Dem,Wayne Frederick,88
Pennington,Precinct 4-1,Public Utilities Commissioner,,Dem,Wayne Frederick,156
Pennington,Precinct 4-2,Public Utilities Commissioner,,Dem,Wayne Frederick,416
Pennington,Precinct 4-3,Public Utilities Commissioner,,Dem,Wayne Frederick,303
Pennington,Precinct 4-4,Public Utilities Commissioner,,Dem,Wayne Frederick,437
Pennington,Precinct 4-5,Public Utilities Commissioner,,Dem,Wayne Frederick,240
Pennington,Precinct 5-1,Public Utilities Commissioner,,Dem,Wayne Frederick,177
Pennington,Precinct 5-2,Public Utilities Commissioner,,Dem,Wayne Frederick,622
Pennington,Precinct 5-3,Public Utilities Commissioner,,Dem,Wayne Frederick,658
Pennington,Precinct 5-4,Public Utilities Commissioner,,Dem,Wayne Frederick,715
Pennington,Precinct 5-5,Public Utilities Commissioner,,Dem,Wayne Frederick,122
Pennington,Precinct AW,Public Utilities Commissioner,,Dem,Wayne Frederick,682
Pennington,Precinct BE,Public Utilities Commissioner,,Dem,Wayne Frederick,309
Pennington,Precinct CA,Public Utilities Commissioner,,Dem,Wayne Frederick,87
Pennington,Precinct CL,Public Utilities Commissioner,,Dem,Wayne Frederick,131
Pennington,Precinct CR,Public Utilities Commissioner,,Dem,Wayne Frederick,7
Pennington,Precinct DT,Public Utilities Commissioner,,Dem,Wayne Frederick,217
Pennington,Precinct EL,Public Utilities Commissioner,,Dem,Wayne Frederick,135
Pennington,Precinct HC,Public Utilities Commissioner,,Dem,Wayne Frederick,310
Pennington,Precinct HR,Public Utilities Commissioner,,Dem,Wayne Frederick,330
Pennington,Precinct JS,Public Utilities Commissioner,,Dem,Wayne Frederick,335
Pennington,Precinct KY,Public Utilities Commissioner,,Dem,Wayne Frederick,139
Pennington,Precinct NH,Public Utilities Commissioner,,Dem,Wayne Frederick,69
Pennington,Precinct NU,Public Utilities Commissioner,,Dem,Wayne Frederick,89
Pennington,Precinct QU,Public Utilities Commissioner,,Dem,Wayne Frederick,22
Pennington,Precinct RV,Public Utilities Commissioner,,Dem,Wayne Frederick,276
Pennington,Precinct VF,Public Utilities Commissioner,,Dem,Wayne Frederick,380
Pennington,Precinct VV,Public Utilities Commissioner,,Dem,Wayne Frederick,266
Pennington,Precinct WL,Public Utilities Commissioner,,Dem,Wayne Frederick,67
Pennington,Precinct WP,Public Utilities Commissioner,,Dem,Wayne Frederick,305
Pennington,Precinct WS,Public Utilities Commissioner,,Dem,Wayne Frederick,9
Pennington,PENNINGTON SD,Public Utilities Commissioner,,Dem,Wayne Frederick,"13,575"
Pennington,Precinct CA,State Senator,27,Rep,Bill Hines,64
Pennington,Precinct CR,State Senator,27,Rep,Bill Hines,41
Pennington,Precinct QU,State Senator,27,Rep,Bill Hines,174
Pennington,PENNINGTON SD,State Senator,27,Rep,Bill Hines,279
Pennington,Precinct CA,State Senator,27,Rep,Red Dawn Foster,6
Pennington,Precinct CR,State Senator,27,Rep,Red Dawn Foster,6
Pennington,Precinct QU,State Senator,27,Rep,Red Dawn Foster,19
Pennington,PENNINGTON SD,State Senator,27,Rep,Red Dawn Foster,31
Pennington,Precinct EL,State Senator,29,Rep,Gary L. Cammack,237
Pennington,Precinct EL,State Senator,29,Dem,Matt  Kammerer,144
Pennington,Precinct CA,State Senator,30,Lbt,A. Gideon Oakes,32
Pennington,Precinct HC,State Senator,30,Lbt,A. Gideon Oakes,259
Pennington,Precinct HR,State Senator,30,Lbt,A. Gideon Oakes,218
Pennington,Precinct KY,State Senator,30,Lbt,A. Gideon Oakes,115
Pennington,Precinct NU,State Senator,30,Lbt,A. Gideon Oakes,33
Pennington,Precinct WL,State Senator,30,Lbt,A. Gideon Oakes,26
Pennington,Precinct WS,State Senator,30,Lbt,A. Gideon Oakes,5
Pennington,PENNINGTON SD,State Senator,30,Lbt,A. Gideon Oakes,688
Pennington,Precinct CA,State Senator,30,Rep,Lance Steven Russell,313
Pennington,Precinct HC,State Senator,30,Rep,Lance Steven Russell,523
Pennington,Precinct HR,State Senator,30,Rep,Lance Steven Russell,915
Pennington,Precinct KY,State Senator,30,Rep,Lance Steven Russell,244
Pennington,Precinct NU,State Senator,30,Rep,Lance Steven Russell,345
Pennington,Precinct WL,State Senator,30,Rep,Lance Steven Russell,242
Pennington,Precinct WS,State Senator,30,Rep,Lance Steven Russell,61
Pennington,PENNINGTON SD,State Senator,30,Rep,Lance Steven Russell,"2,643"
Pennington,Precinct CA,State Senator,30,Dem,Kristine Ina Winter,65
Pennington,Precinct HC,State Senator,30,Dem,Kristine Ina Winter,287
Pennington,Precinct HR,State Senator,30,Dem,Kristine Ina Winter,335
Pennington,Precinct KY,State Senator,30,Dem,Kristine Ina Winter,126
Pennington,Precinct NU,State Senator,30,Dem,Kristine Ina Winter,97
Pennington,Precinct WL,State Senator,30,Dem,Kristine Ina Winter,63
Pennington,Precinct WS,State Senator,30,Dem,Kristine Ina Winter,7
Pennington,PENNINGTON SD,State Senator,30,Dem,Kristine Ina Winter,980
Pennington,Precinct 1-1,State Senator,32,Rep,Alan Solano,878
Pennington,Precinct 1-2,State Senator,32,Rep,Alan Solano,"1,057"
Pennington,Precinct 1-3,State Senator,32,Rep,Alan Solano,"1,544"
Pennington,Precinct 2-4,State Senator,32,Rep,Alan Solano,979
Pennington,Precinct 2-5,State Senator,32,Rep,Alan Solano,77
Pennington,Precinct 3-1,State Senator,32,Rep,Alan Solano,362
Pennington,Precinct 5-4,State Senator,32,Rep,Alan Solano,663
Pennington,Precinct HR,State Senator,32,Rep,Alan Solano,42
Pennington,PENNINGTON SD,State Senator,32,Rep,Alan Solano,"5,602"
Pennington,Precinct 1-1,State Senator,32,Dem,Ayla Rodriguez,384
Pennington,Precinct 1-2,State Senator,32,Dem,Ayla Rodriguez,556
Pennington,Precinct 1-3,State Senator,32,Dem,Ayla Rodriguez,632
Pennington,Precinct 2-4,State Senator,32,Dem,Ayla Rodriguez,821
Pennington,Precinct 2-5,State Senator,32,Dem,Ayla Rodriguez,87
Pennington,Precinct 3-1,State Senator,32,Dem,Ayla Rodriguez,213
Pennington,Precinct 5-4,State Senator,32,Dem,Ayla Rodriguez,704
Pennington,Precinct HR,State Senator,32,Dem,Ayla Rodriguez,7
Pennington,PENNINGTON SD,State Senator,32,Dem,Ayla Rodriguez,"3,404"
Pennington,Precinct 2-2,State Senator,33,Rep,Phil Jensen,26
Pennington,Precinct 3-5,State Senator,33,Rep,Phil Jensen,178
Pennington,Precinct 4-3,State Senator,33,Rep,Phil Jensen,427
Pennington,Precinct 4-4,State Senator,33,Rep,Phil Jensen,379
Pennington,Precinct 4-5,State Senator,33,Rep,Phil Jensen,394
Pennington,Precinct 5-5,State Senator,33,Rep,Phil Jensen,184
Pennington,Precinct AW,State Senator,33,Rep,Phil Jensen,"1,249"
Pennington,Precinct CL,State Senator,33,Rep,Phil Jensen,236
Pennington,Precinct DT,State Senator,33,Rep,Phil Jensen,594
Pennington,Precinct JS,State Senator,33,Rep,Phil Jensen,732
Pennington,Precinct NH,State Senator,33,Rep,Phil Jensen,140
Pennington,Precinct WP,State Senator,33,Rep,Phil Jensen,719
Pennington,PENNINGTON SD,State Senator,33,Rep,Phil Jensen,"5,258"
Pennington,Precinct 2-2,State Senator,33,Dem,Ryan Ryder,23
Pennington,Precinct 3-5,State Senator,33,Dem,Ryan Ryder,119
Pennington,Precinct 4-3,State Senator,33,Dem,Ryan Ryder,317
Pennington,Precinct 4-4,State Senator,33,Dem,Ryan Ryder,443
Pennington,Precinct 4-5,State Senator,33,Dem,Ryan Ryder,281
Pennington,Precinct 5-5,State Senator,33,Dem,Ryan Ryder,160
Pennington,Precinct AW,State Senator,33,Dem,Ryan Ryder,727
Pennington,Precinct CL,State Senator,33,Dem,Ryan Ryder,164
Pennington,Precinct DT,State Senator,33,Dem,Ryan Ryder,259
Pennington,Precinct JS,State Senator,33,Dem,Ryan Ryder,420
Pennington,Precinct NH,State Senator,33,Dem,Ryan Ryder,76
Pennington,Precinct WP,State Senator,33,Dem,Ryan Ryder,381
Pennington,PENNINGTON SD,State Senator,33,Dem,Ryan Ryder,"3,370"
Pennington,Precinct 2-1,State Senator,34,Rep,Jeff Partridge,52
Pennington,Precinct 3-2,State Senator,34,Rep,Jeff Partridge,"1,882"
Pennington,Precinct 3-3,State Senator,34,Rep,Jeff Partridge,543
Pennington,Precinct 3-4,State Senator,34,Rep,Jeff Partridge,"1,475"
Pennington,Precinct 4-1,State Senator,34,Rep,Jeff Partridge,202
Pennington,Precinct 5-1,State Senator,34,Rep,Jeff Partridge,240
Pennington,Precinct 5-2,State Senator,34,Rep,Jeff Partridge,825
Pennington,Precinct 5-3,State Senator,34,Rep,Jeff Partridge,"1,113"
Pennington,PENNINGTON SD,State Senator,34,Rep,Jeff Partridge,"6,332"
Pennington,Precinct 2-1,State Senator,34,Dem,Zach VanWyk,40
Pennington,Precinct 3-2,State Senator,34,Dem,Zach VanWyk,772
Pennington,Precinct 3-3,State Senator,34,Dem,Zach VanWyk,282
Pennington,Precinct 3-4,State Senator,34,Dem,Zach VanWyk,994
Pennington,Precinct 4-1,State Senator,34,Dem,Zach VanWyk,171
Pennington,Precinct 5-1,State Senator,34,Dem,Zach VanWyk,183
Pennington,Precinct 5-2,State Senator,34,Dem,Zach VanWyk,625
Pennington,Precinct 5-3,State Senator,34,Dem,Zach VanWyk,702
Pennington,PENNINGTON SD,State Senator,34,Dem,Zach VanWyk,"3,769"
Pennington,Precinct 1-4,State Senator,35,Rep,Lynne DiSanto,512
Pennington,Precinct 2-3,State Senator,35,Rep,Lynne DiSanto,675
Pennington,Precinct 4-2,State Senator,35,Rep,Lynne DiSanto,529
Pennington,Precinct BE,State Senator,35,Rep,Lynne DiSanto,679
Pennington,Precinct RV,State Senator,35,Rep,Lynne DiSanto,527
Pennington,Precinct VF,State Senator,35,Rep,Lynne DiSanto,875
Pennington,Precinct VV,State Senator,35,Rep,Lynne DiSanto,526
Pennington,PENNINGTON SD,State Senator,35,Rep,Lynne DiSanto,"4,323"
Pennington,Precinct 1-4,State Senator,35,Dem,Pat Cromwell,312
Pennington,Precinct 2-3,State Senator,35,Dem,Pat Cromwell,478
Pennington,Precinct 4-2,State Senator,35,Dem,Pat Cromwell,436
Pennington,Precinct BE,State Senator,35,Dem,Pat Cromwell,331
Pennington,Precinct RV,State Senator,35,Dem,Pat Cromwell,318
Pennington,Precinct VF,State Senator,35,Dem,Pat Cromwell,438
Pennington,Precinct VV,State Senator,35,Dem,Pat Cromwell,337
Pennington,PENNINGTON SD,State Senator,35,Dem,Pat Cromwell,"2,650"
Pennington,Precinct CA,State House,27,Rep,Steve Livermont,63
Pennington,Precinct CR,State House,27,Rep,Steve Livermont,43
Pennington,Precinct QU,State House,27,Rep,Steve Livermont,169
Pennington,PENNINGTON SD,State House,27,Rep,Steve Livermont,275
Pennington,Precinct CA,State House,27,Rep,Elizabeth May,57
Pennington,Precinct CR,State House,27,Rep,Elizabeth May,43
Pennington,Precinct QU,State House,27,Rep,Elizabeth May,157
Pennington,PENNINGTON SD,State House,27,Rep,Elizabeth May,257
Pennington,Precinct CA,State House,27,Rep,Margaret Ross,6
Pennington,Precinct CR,State House,27,Rep,Margaret Ross,3
Pennington,Precinct QU,State House,27,Dem,Margaret Ross,15
Pennington,PENNINGTON SD,State House,27,Dem,Margaret Ross,24
Pennington,Precinct CA,State House,27,Dem,Peri Pourier,8
Pennington,Precinct CR,State House,27,Dem,Peri Pourier,4
Pennington,Precinct QU,State House,27,Dem,Peri Pourier,11
Pennington,PENNINGTON SD,State House,27,Dem,Peri Pourier,23
Pennington,Precinct EL,State House,29,Rep,Kirk  Chaffee,217
Pennington,Precinct EL,State House,29,Rep,Thomas J. Brunner,198
Pennington,Precinct EL,State House,29,Dem,Michael S. McManus,132
Pennington,Precinct EL,State House,29,Dem,Jade Addison,127
Pennington,Precinct CA,State House,30,Rep,Timothy Ray Goodwin,285
Pennington,Precinct HC,State House,30,Rep,Timothy Ray Goodwin,649
Pennington,Precinct HR,State House,30,Rep,Timothy Ray Goodwin,956
Pennington,Precinct KY,State House,30,Rep,Timothy Ray Goodwin,302
Pennington,Precinct NU,State House,30,Rep,Timothy Ray Goodwin,339
Pennington,Precinct WL,State House,30,Rep,Timothy Ray Goodwin,222
Pennington,Precinct WS,State House,30,Rep,Timothy Ray Goodwin,53
Pennington,PENNINGTON SD,State House,30,Rep,Timothy Ray Goodwin,"2,806"
Pennington,Precinct CA,State House,30,Rep,Julie Frye-Mueller,305
Pennington,Precinct HC,State House,30,Rep,Julie Frye-Mueller,603
Pennington,Precinct HR,State House,30,Rep,Julie Frye-Mueller,904
Pennington,Precinct KY,State House,30,Rep,Julie Frye-Mueller,271
Pennington,Precinct NU,State House,30,Rep,Julie Frye-Mueller,311
Pennington,Precinct WL,State House,30,Rep,Julie Frye-Mueller,230
Pennington,Precinct WS,State House,30,Rep,Julie Frye-Mueller,53
Pennington,PENNINGTON SD,State House,30,Rep,Julie Frye-Mueller,"2,677"
Pennington,Precinct CA,State House,30,Dem,Karen McGregor,73
Pennington,Precinct HC,State House,30,Dem,Karen McGregor,311
Pennington,Precinct HR,State House,30,Dem,Karen McGregor,407
Pennington,Precinct KY,State House,30,Dem,Karen McGregor,137
Pennington,Precinct NU,State House,30,Dem,Karen McGregor,106
Pennington,Precinct WL,State House,30,Dem,Karen McGregor,81
Pennington,Precinct WS,State House,30,Dem,Karen McGregor,11
Pennington,PENNINGTON SD,State House,30,Dem,Karen McGregor,"1,126"
Pennington,Precinct CA,State House,30,Dem,Whitney Raver,60
Pennington,Precinct HC,State House,30,Dem,Whitney Raver,265
Pennington,Precinct HR,State House,30,Dem,Whitney Raver,304
Pennington,Precinct KY,State House,30,Dem,Whitney Raver,121
Pennington,Precinct NU,State House,30,Dem,Whitney Raver,76
Pennington,Precinct WL,State House,30,Dem,Whitney Raver,46
Pennington,Precinct WS,State House,30,Dem,Whitney Raver,7
Pennington,PENNINGTON SD,State House,30,Dem,Whitney Raver,879
Pennington,Precinct 1-1,State House,32,Rep,Scyller J. Borglum,730
Pennington,Precinct 1-2,State House,32,Rep,Scyller J. Borglum,825
Pennington,Precinct 1-3,State House,32,Rep,Scyller J. Borglum,"1,261"
Pennington,Precinct 2-4,State House,32,Rep,Scyller J. Borglum,822
Pennington,Precinct 2-5,State House,32,Rep,Scyller J. Borglum,71
Pennington,Precinct 3-1,State House,32,Rep,Scyller J. Borglum,310
Pennington,Precinct 5-4,State House,32,Rep,Scyller J. Borglum,586
Pennington,Precinct HR,State House,32,Rep,Scyller J. Borglum,38
Pennington,PENNINGTON SD,State House,32,Rep,Scyller J. Borglum,"4,643"
Pennington,Precinct 1-1,State House,32,Rep,Chris Johnson,730
Pennington,Precinct 1-2,State House,32,Rep,Chris Johnson,838
Pennington,Precinct 1-3,State House,32,Rep,Chris Johnson,"1,214"
Pennington,Precinct 2-4,State House,32,Rep,Chris Johnson,756
Pennington,Precinct 2-5,State House,32,Rep,Chris Johnson,69
Pennington,Precinct 3-1,State House,32,Rep,Chris Johnson,282
Pennington,Precinct 5-4,State House,32,Rep,Chris Johnson,508
Pennington,Precinct HR,State House,32,Rep,Chris Johnson,39
Pennington,PENNINGTON SD,State House,32,Rep,Chris Johnson,"4,436"
Pennington,Precinct 1-1,State House,32,Dem,Susan Kelts,491
Pennington,Precinct 1-2,State House,32,Dem,Susan Kelts,744
Pennington,Precinct 1-3,State House,32,Dem,Susan Kelts,891
Pennington,Precinct 2-4,State House,32,Dem,Susan Kelts,918
Pennington,Precinct 2-5,State House,32,Dem,Susan Kelts,82
Pennington,Precinct 3-1,State House,32,Dem,Susan Kelts,247
Pennington,Precinct 5-4,State House,32,Dem,Susan Kelts,813
Pennington,Precinct HR,State House,32,Dem,Susan Kelts,10
Pennington,PENNINGTON SD,State House,32,Dem,Susan Kelts,"4,196"
Pennington,Precinct 1-1,State House,32,Dem,Bill Knight,307
Pennington,Precinct 1-2,State House,32,Dem,Bill Knight,421
Pennington,Precinct 1-3,State House,32,Dem,Bill Knight,521
Pennington,Precinct 2-4,State House,32,Dem,Bill Knight,617
Pennington,Precinct 2-5,State House,32,Dem,Bill Knight,75
Pennington,Precinct 3-1,State House,32,Dem,Bill Knight,171
Pennington,Precinct 5-4,State House,32,Dem,Bill Knight,514
Pennington,Precinct HR,State House,32,Dem,Bill Knight,5
Pennington,PENNINGTON SD,State House,32,Dem,Bill Knight,"2,631"
Pennington,Precinct 2-2,State House,33,Rep,David   Johnson,21
Pennington,Precinct 3-5,State House,33,Rep,David   Johnson,170
Pennington,Precinct 4-3,State House,33,Rep,David   Johnson,368
Pennington,Precinct 4-4,State House,33,Rep,David   Johnson,356
Pennington,Precinct 4-5,State House,33,Rep,David   Johnson,344
Pennington,Precinct 5-5,State House,33,Rep,David   Johnson,192
Pennington,Precinct AW,State House,33,Rep,David   Johnson,"1,141"
Pennington,Precinct CL,State House,33,Rep,David   Johnson,218
Pennington,Precinct DT,State House,33,Rep,David   Johnson,542
Pennington,Precinct JS,State House,33,Rep,David   Johnson,696
Pennington,Precinct NH,State House,33,Rep,David   Johnson,121
Pennington,Precinct WP,State House,33,Rep,David   Johnson,656
Pennington,PENNINGTON SD,State House,33,Rep,David   Johnson,"4,825"
Pennington,Precinct 2-2,State House,33,Rep,Taffy Howard,23
Pennington,Precinct 3-5,State House,33,Rep,Taffy Howard,176
Pennington,Precinct 4-3,State House,33,Rep,Taffy Howard,347
Pennington,Precinct 4-4,State House,33,Rep,Taffy Howard,288
Pennington,Precinct 4-5,State House,33,Rep,Taffy Howard,318
Pennington,Precinct 5-5,State House,33,Rep,Taffy Howard,169
Pennington,Precinct AW,State House,33,Rep,Taffy Howard,994
Pennington,Precinct CL,State House,33,Rep,Taffy Howard,237
Pennington,Precinct DT,State House,33,Rep,Taffy Howard,528
Pennington,Precinct JS,State House,33,Rep,Taffy Howard,657
Pennington,Precinct NH,State House,33,Rep,Taffy Howard,114
Pennington,Precinct WP,State House,33,Rep,Taffy Howard,657
Pennington,PENNINGTON SD,State House,33,Rep,Taffy Howard,"4,508"
Pennington,Precinct 2-2,State House,33,Dem,Lilias Jarding,22
Pennington,Precinct 3-5,State House,33,Dem,Lilias Jarding,100
Pennington,Precinct 4-3,State House,33,Dem,Lilias Jarding,292
Pennington,Precinct 4-4,State House,33,Dem,Lilias Jarding,415
Pennington,Precinct 4-5,State House,33,Dem,Lilias Jarding,246
Pennington,Precinct 5-5,State House,33,Dem,Lilias Jarding,141
Pennington,Precinct AW,State House,33,Dem,Lilias Jarding,717
Pennington,Precinct CL,State House,33,Dem,Lilias Jarding,129
Pennington,Precinct DT,State House,33,Dem,Lilias Jarding,210
Pennington,Precinct JS,State House,33,Dem,Lilias Jarding,338
Pennington,Precinct NH,State House,33,Dem,Lilias Jarding,70
Pennington,Precinct WP,State House,33,Dem,Lilias Jarding,320
Pennington,PENNINGTON SD,State House,33,Dem,Lilias Jarding,"3,000"
Pennington,Precinct 2-2,State House,33,Ind,Nick Reid,20
Pennington,Precinct 3-5,State House,33,Ind,Nick Reid,61
Pennington,Precinct 4-3,State House,33,Ind,Nick Reid,184
Pennington,Precinct 4-4,State House,33,Ind,Nick Reid,212
Pennington,Precinct 4-5,State House,33,Ind,Nick Reid,174
Pennington,Precinct 5-5,State House,33,Ind,Nick Reid,70
Pennington,Precinct AW,State House,33,Ind,Nick Reid,349
Pennington,Precinct CL,State House,33,Ind,Nick Reid,87
Pennington,Precinct DT,State House,33,Ind,Nick Reid,161
Pennington,Precinct JS,State House,33,Ind,Nick Reid,236
Pennington,Precinct NH,State House,33,Ind,Nick Reid,53
Pennington,Precinct WP,State House,33,Ind,Nick Reid,241
Pennington,PENNINGTON SD,State House,33,Ind,Nick Reid,"1,848"
Pennington,Precinct 2-1,State House,34,Rep,Jess Olson,44
Pennington,Precinct 3-2,State House,34,Rep,Jess Olson,"1,730"
Pennington,Precinct 3-3,State House,34,Rep,Jess Olson,511
Pennington,Precinct 3-4,State House,34,Rep,Jess Olson,"1,407"
Pennington,Precinct 4-1,State House,34,Rep,Jess Olson,188
Pennington,Precinct 5-1,State House,34,Rep,Jess Olson,219
Pennington,Precinct 5-2,State House,34,Rep,Jess Olson,741
Pennington,Precinct 5-3,State House,34,Rep,Jess Olson,"1,013"
Pennington,PENNINGTON SD,State House,34,Rep,Jess Olson,"5,853"
Pennington,Precinct 2-1,State House,34,Rep,Michael G. Diedrich,42
Pennington,Precinct 3-2,State House,34,Rep,Michael G. Diedrich,"1,729"
Pennington,Precinct 3-3,State House,34,Rep,Michael G. Diedrich,503
Pennington,Precinct 3-4,State House,34,Rep,Michael G. Diedrich,"1,377"
Pennington,Precinct 4-1,State House,34,Rep,Michael G. Diedrich,182
Pennington,Precinct 5-1,State House,34,Rep,Michael G. Diedrich,211
Pennington,Precinct 5-2,State House,34,Rep,Michael G. Diedrich,755
Pennington,Precinct 5-3,State House,34,Rep,Michael G. Diedrich,"1,049"
Pennington,PENNINGTON SD,State House,34,Rep,Michael G. Diedrich,"5,848"
Pennington,Precinct 2-1,State House,34,Dem,George J. Nelson,38
Pennington,Precinct 3-2,State House,34,Dem,George J. Nelson,771
Pennington,Precinct 3-3,State House,34,Dem,George J. Nelson,266
Pennington,Precinct 3-4,State House,34,Dem,George J. Nelson,896
Pennington,Precinct 4-1,State House,34,Dem,George J. Nelson,141
Pennington,Precinct 5-1,State House,34,Dem,George J. Nelson,174
Pennington,Precinct 5-2,State House,34,Dem,George J. Nelson,591
Pennington,Precinct 5-3,State House,34,Dem,George J. Nelson,625
Pennington,PENNINGTON SD,State House,34,Dem,George J. Nelson,"3,502"
Pennington,Precinct 2-1,State House,34,Dem,Brian Davis,37
Pennington,Precinct 3-2,State House,34,Dem,Brian Davis,593
Pennington,Precinct 3-3,State House,34,Dem,Brian Davis,218
Pennington,Precinct 3-4,State House,34,Dem,Brian Davis,752
Pennington,Precinct 4-1,State House,34,Dem,Brian Davis,145
Pennington,Precinct 5-1,State House,34,Dem,Brian Davis,153
Pennington,Precinct 5-2,State House,34,Dem,Brian Davis,511
Pennington,Precinct 5-3,State House,34,Dem,Brian Davis,578
Pennington,PENNINGTON SD,State House,34,Dem,Brian Davis,"2,987"
Pennington,Precinct 1-4,State House,35,Rep,Tina L Mulally,482
Pennington,Precinct 2-3,State House,35,Rep,Tina L Mulally,639
Pennington,Precinct 4-2,State House,35,Rep,Tina L Mulally,491
Pennington,Precinct BE,State House,35,Rep,Tina L Mulally,618
Pennington,Precinct RV,State House,35,Rep,Tina L Mulally,489
Pennington,Precinct VF,State House,35,Rep,Tina L Mulally,813
Pennington,Precinct VV,State House,35,Rep,Tina L Mulally,498
Pennington,PENNINGTON SD,State House,35,Rep,Tina L Mulally,"4,030"
Pennington,Precinct 1-4,State House,35,Rep,Tony Randolph,435
Pennington,Precinct 2-3,State House,35,Rep,Tony Randolph,583
Pennington,Precinct 4-2,State House,35,Rep,Tony Randolph,437
Pennington,Precinct BE,State House,35,Rep,Tony Randolph,574
Pennington,Precinct RV,State House,35,Rep,Tony Randolph,461
Pennington,Precinct VF,State House,35,Rep,Tony Randolph,764
Pennington,Precinct VV,State House,35,Rep,Tony Randolph,522
Pennington,PENNINGTON SD,State House,35,Rep,Tony Randolph,"3,776"
Pennington,Precinct 1-4,State House,35,Dem,Bo Sistak,263
Pennington,Precinct 2-3,State House,35,Dem,Bo Sistak,410
Pennington,Precinct 4-2,State House,35,Dem,Bo Sistak,355
Pennington,Precinct BE,State House,35,Dem,Bo Sistak,266
Pennington,Precinct RV,State House,35,Dem,Bo Sistak,269
Pennington,Precinct VF,State House,35,Dem,Bo Sistak,373
Pennington,Precinct VV,State House,35,Dem,Bo Sistak,243
Pennington,PENNINGTON SD,State House,35,Dem,Bo Sistak,"2,179"
Pennington,Precinct 1-4,State House,35,Dem,Michael T. Hanson,241
Pennington,Precinct 2-3,State House,35,Dem,Michael T. Hanson,386
Pennington,Precinct 4-2,State House,35,Dem,Michael T. Hanson,387
Pennington,Precinct BE,State House,35,Dem,Michael T. Hanson,313
Pennington,Precinct RV,State House,35,Dem,Michael T. Hanson,253
Pennington,Precinct VF,State House,35,Dem,Michael T. Hanson,348
Pennington,Precinct VV,State House,35,Dem,Michael T. Hanson,255
Pennington,PENNINGTON SD,State House,35,Dem,Michael T. Hanson,"2,183"
